"","country","continent","leg_pow","ex_pow","jud_pow","leg_share","ex_share","jud_share","SPI_index","freedom_vdem","num_rights","dummy_freexp","replace_ex","serve_min","interpellate","investigate","oversee_pol","appoint_pm","appoint_min","lack_pres","no_conf","no_diss","no_decree","no_veto","no_review","no_gate","no_impound","cont_resor","immunity","elected","amend","war","treaty","amnesty","pardon","judiciary","bank","media","sessions","secretary","staff","no_limit","seek_reelect","experience","jscore_1","jscore_2","jscore_3","jscore_4","jscore_5","jscore_6","jscore_7","jscore_8","jscore_9","jscore_10","escore_1","escore_2","escore_3","escore_4","escore_5","escore_6","escore_7","escore_8","escore_9","log_vdem","con_age","mil_spend","nat_inc","gender_development","gender_inequality","brit_col","chrst_pct","islm_pct","jud_pct","bud_pct","rel_dom","mil_events","gini_index","polity","dummy_eu","dummy_am"
"1","Albania","Europe",0.779497517,0.5,0.668,0.400255974755114,0.256739736834283,0.343004288410602,0.125,0.833063262281994,70,1,0.036001665,0.020708647,0.035832422,0.038494086,0,0.032693817,0.030709109,0.024693446,0.034832379,0,0.03389387,0.03703248,0,0.036217058,0.033632321,0.03629398,0.024154961,0.037801742,0.032678433,0.034616981,0.034001569,0.020077851,0,0.029985998,0,0,0.035893966,0,0,0.032186099,0.033816947,0.03324769,0.75,0.33,0.33,0.6,0,1,1,1,1,0.67,0.5,0.5,0.5,0.5,0.5,0,0,1,1,-1.79014035439416,10,1.984868857,3961.319155,0.958,0.273,0,0.2665,0.6148,1e-04,0,FALSE,0,38.5,9,1,0
"2","Algeria","Africa",0.372309498,0.667,0.467,0.247166666939519,0.442804085671376,0.310029247389105,0.173,0.67720005116846,35,1,0,0,0.035832422,0.038494086,0,0,0,0,0.034832379,0,0,0,0,0.036217058,0.033632321,0,0.024154961,0,0,0,0.034001569,0,0,0,0,0,0.035893966,0,0,0.032186099,0.033816947,0.03324769,1,0.67,0,0,1,1,0,0,1,0,1,0,0,0,1,1,1,1,1,-1.13072250110079,12,3.024747141,3767.579583,0.835,0.528,0,0.008,0.99,0,0,TRUE,0,33.1,2,0,0
"3","Angola","Africa",0.476606612,0.722,0.488,0.282583151642477,0.42807848306953,0.289338365287993,0.142,0.407581340659491,47,1,0,0,0.035832422,0.038494086,0,0,0,0,0.034832379,0,0,0,0,0,0.033632321,0,0.024154961,0.037801742,0.032678433,0.034616981,0.034001569,0.020077851,0.018600857,0.029985998,0,0,0.035893966,0,0,0.032186099,0.033816947,0,0.88,0.33,0.67,0,1,1,0,0,1,0,1,0.5,0,0.5,1,1,1,0.5,1,-0.523541699210623,33,3.573120381,251.732843,NA,NA,0,0.9044,0.0105,0,1e-04,TRUE,0,47.2,-2,0,0
"4","Argentina","Americas",0.52465498,0.611,0.454,0.330043302855567,0.384360133291313,0.28559656385312,0.086,0.907996229279369,49,1,0.036001665,0,0.035832422,0.038494086,0,0,0,0,0,0.036478606,0,0,0,0.036217058,0,0.03629398,0.024154961,0.037801742,0,0.034616981,0.034001569,0.020077851,0,0.029985998,0,0,0.035893966,0.025785805,0.030832191,0.032186099,0,0,0.88,0.33,0.33,1,1,0,1,0,0,0,1,0.5,0.5,1,0.5,0,1,0.5,0.5,-2.38592571667919,25,0.762756475,7546.595522,0.995,0.374,0,0.8454,0.0155,0.011,2e-04,TRUE,0,41.3,8,0,1
"5","Armenia","Asia",0.612089789,0.556,0.379,0.395639473126921,0.35938444164859,0.244976085224489,0.136,0.559508775378884,78,1,0,0,0.035832422,0,0.035647801,0,0,0,0.034832379,0,0,0.03703248,0,0.036217058,0.033632321,0.03629398,0.024154961,0.037801742,0,0.034616981,0.034001569,0.020077851,0,0.029985998,0.023262612,0.023554932,0.035893966,0,0,0.032186099,0.033816947,0.03324769,0.62,0,0.67,0,1,0.5,0,0,1,0,0.5,0.5,0.5,0.5,0.5,0.5,0,1,1,-0.819864755209295,13,3.395579363,3741.633093,0.958,0.344,0,0.9492,3e-04,2e-04,0,TRUE,40,36.5,5,0,0
"6","Australia","Oceania",0.628505932,0.389,0.501,0.413897581007277,0.256172855042887,0.329929563949836,0.137,0.965458628594262,10,0,0.036001665,0.020708647,0.035832422,0.038494086,0.035647801,0.032693817,0,0.024693446,0.034832379,0,0.03389387,0,0,0.036217058,0.033632321,0.03629398,0,0.037801742,0,0,0,0,0,0,0,0,0.035893966,0.025785805,0.030832191,0.032186099,0.033816947,0.03324769,0.88,0.33,0,0.8,1,0,1,0,1,0,0.5,1,1,0,1,0,0,0,0,-3.36559750219548,107,1.797239012,37468.94844,0.97,0.133,1,0.7163,0.017,0.0047,0.021,FALSE,0,32.9,10,0,0
"7","Austria","Europe",0.740388018,0.556,0.362,0.446450414477126,0.335265326307971,0.218284259214902,0.198,0.967812614119949,14,0,0,0.020708647,0.035832422,0.038494086,0.035647801,0,0,0,0.034832379,0,0.03389387,0.03703248,0,0.036217058,0.033632321,0.03629398,0.024154961,0.037801742,0.032678433,0.034616981,0.034001569,0.020077851,0,0.029985998,0,0.023554932,0.035893966,0.025785805,0,0.032186099,0.033816947,0.03324769,0.62,0,0,0,1,0,0,1,1,0,1,1,1,0,1,1,0,0,0,-3.43618064603861,63,0.876168945,43481.22452,0.969,0.103,0,0.7634,0.0452,0.001,0,FALSE,0,28.2,10,1,0
"8","Azerbaijan","Asia",0.518700866,0.556,0.354,0.363057710920433,0.389164739261801,0.247777549817766,0.13,0.211315530899204,66,1,0,0,0,0.038494086,0,0,0,0,0.034832379,0.036478606,0,0,0,0.036217058,0.033632321,0,0.024154961,0.037801742,0,0.034616981,0.034001569,0.020077851,0,0.029985998,0.023262612,0,0.035893966,0,0,0.032186099,0.033816947,0.03324769,0.88,0.33,0.33,0,1,0,0,0,1,0,0.5,0.5,0,0.5,0.5,1,0,1,1,-0.237388950542337,13,3.291211146,3307.213068,0.954,0.31,0,0.0272,0.96,0.0012,0,TRUE,39,23.3,-7,0,0
"9","Bahrain","Asia",0.208286536,0.556,0.522,0.161928567368601,0.432252056162392,0.405819376469008,0.258,0.555397980825201,43,1,0,0,0.035832422,0,0,0,0,0.024693446,0,0,0,0,0,0,0,0,0,0,0,0,0,0.020077851,0,0,0,0,0.035893966,0.025785805,0,0.032186099,0.033816947,0,0.88,0.67,0.67,0,1,1,0,0,1,0,1,0.5,0.5,0,1,0,0,1,1,-0.8105757359086,6,2.80016462,19699.67369,0.973,0.234,1,0.0986,0.8808,0,0,TRUE,0,NA,-7,0,0
"10","Bangladesh","Asia",0.632813828,0.889,0.518,0.310231168802529,0.435824087373527,0.253944743823945,0.161,0.700661662660745,46,1,0.036001665,0.020708647,0.035832422,0.038494086,0.035647801,0.032693817,0,0.024693446,0.034832379,0,0,0.03703248,0.026339678,0,0,0.03629398,0,0.037801742,0.032678433,0.034616981,0.034001569,0,0,0,0,0,0.035893966,0,0,0.032186099,0.033816947,0.03324769,0.88,0,0,0.8,1,0.5,1,0,1,0,1,1,1,1,1,0,1,1,1,-1.20618078231877,22,1.059529893,601.6744913,0.843,0.586,1,0.0014,0.8941,0,0.0055,TRUE,15,33.9,-6,0,0
"11","Belgium","Europe",0.785005466,0.333,0.633,0.448316970587915,0.190176448027147,0.361506581384938,0.228,0.980291345921024,34,1,0.036001665,0,0.035832422,0.038494086,0.035647801,0.032693817,0.030709109,0.024693446,0.034832379,0,0.03389387,0.03703248,0,0.036217058,0.033632321,0.03629398,0,0.037801742,0.032678433,0,0.034001569,0.020077851,0,0.029985998,0,0.023554932,0.035893966,0.025785805,0,0.032186099,0.033816947,0.03324769,1,0.67,0.33,1,1,0,0,1,1,0.33,0.5,0.5,0.5,0,1,0,0,0.5,0,-3.92669744635023,177,1.213897974,40502.6465,0.97,0.078,0,0.7772,0.0382,0.0048,0.001,FALSE,0,25.7,8,1,0
"12","Benin","Africa",0.601720079,0.222,0.566,0.432979337416625,0.159744399864859,0.407276262718515,0.261,0.871637453471021,42,1,0,0,0.035832422,0.038494086,0,0,0,0,0,0.036478606,0.03389387,0.03703248,0,0.036217058,0.033632321,0.03629398,0.024154961,0.037801742,0.032678433,0,0.034001569,0.020077851,0,0.029985998,0,0,0.035893966,0,0,0.032186099,0.033816947,0.03324769,1,0.33,0.33,0,1,1,0,1,1,0,0,0,0,0,0,0,1,0,1,-2.0528966239767,18,0.975750986,697.5054499,0.832,0.62,0,0.4275,0.2288,0,0,FALSE,0,44.6,7,0,0
"13","Bolivia","Americas",0.455713329,0.333,0.58,0.332950165198545,0.243294189473039,0.423755645328416,0.156,0.840140995876203,61,1,0,0,0.035832422,0.038494086,0,0,0,0,0,0.036478606,0.03389387,0,0,0,0.033632321,0.03629398,0,0.037801742,0,0.034616981,0.034001569,0.020077851,0.018600857,0.029985998,0,0,0,0,0,0.032186099,0.033816947,0,1,0.33,0.67,0.8,1,0,1,0,1,0,0.5,0,0,0,1,0,0,0.5,1,-1.8334630764809,41,1.962268215,1379.241132,0.917,0.499,0,0.9582,2e-04,0,7e-04,TRUE,0,47.6,8,0,1
"14","Bosnia-Herzegovina","Europe",0.627628968,0.056,0.358,0.60254561583967,0.0537619456835229,0.343692438476807,0.476,0.788964927236745,28,1,0,0,0.035832422,0.038494086,0.035647801,0,0.030709109,0,0.034832379,0,0.03389387,0.03703248,0,0.036217058,0.033632321,0.03629398,0,0.037801742,0.032678433,0,0.034001569,0.020077851,0.018600857,0.029985998,0,0,0.035893966,0,0,0.032186099,0.033816947,0,0.25,0.33,0,0,1,1,0,0,1,0,0.5,0,0,0,0,0,0,0,0,-1.55573093769255,13,1.221333095,4665.769962,0.928,0.225,0,0.5171,0.4306,3e-04,0,FALSE,0,39.7,-66,1,0
"15","Botswana","Africa",0.482837676,0.611,0.392,0.324959909012295,0.41121584804934,0.263824242938365,0.128,0.832457159857534,35,1,0.036001665,0.020708647,0.035832422,0,0.035647801,0,0,0.024693446,0.034832379,0,0.03389387,0.03703248,0,0,0,0.03629398,0,0,0.032678433,0,0,0.020077851,0,0,0,0,0.035893966,0,0,0.032186099,0.033816947,0.03324769,0.62,0,0,0.8,1,0.5,0,0,1,0,0.5,1,1,1,1,0,0,0,1,-1.78651619837398,42,3.036968238,3927.337842,0.975,0.496,1,0.6667,0.0249,2e-04,5e-04,FALSE,0,59.1,8,0,0
"16","Brazil","Americas",0.601058511,0.611,0.599,0.331882436348298,0.337371761480322,0.33074580217138,0.006,0.940332015907438,75,1,0.036001665,0,0.035832422,0.038494086,0,0,0,0,0,0.036478606,0,0.03703248,0,0,0,0.03629398,0,0.037801742,0.032678433,0.034616981,0.034001569,0.020077851,0,0.029985998,0,0,0.035893966,0.025785805,0.030832191,0.032186099,0.033816947,0.03324769,1,0.33,0.33,1,1,0,1,0,1,0.33,0.5,0.5,0.5,0.5,0.5,0,1,1,1,-2.81895968228964,20,1.441924069,7074.714332,1.001,0.452,0,0.8582,3e-04,5e-04,0.0015,TRUE,0,47.2,8,0,1
"17","Bulgaria","Europe",0.816560769,0.667,0.521,0.407351466529673,0.33274122207467,0.259907311395657,0.128,0.886155314889419,66,1,0.036001665,0,0.035832422,0.038494086,0.035647801,0.032693817,0.030709109,0,0.034832379,0,0.03389387,0.03703248,0,0.036217058,0.033632321,0.03629398,0.024154961,0.037801742,0.032678433,0.034616981,0.034001569,0.020077851,0,0.029985998,0.023262612,0.023554932,0.035893966,0,0,0.032186099,0.033816947,0.03324769,0.75,0.33,0,0.8,1,0,1,0,1,0.33,0.5,1,1,0.5,0,0,1,1,1,-2.17292017082444,17,1.907749062,5974.134123,0.991,0.234,0,0.8273,0.1273,4e-04,0,TRUE,1,32.6,9,1,0
"18","Burkina Faso (Upper Volta)","Africa",0.570641723,0.556,0.567,0.33693178152768,0.328286669163499,0.33478154930882,0.008,0.823662799745244,51,1,0,0,0.035832422,0.038494086,0,0,0,0,0.034832379,0,0,0.03703248,0,0.036217058,0,0.03629398,0.024154961,0.037801742,0.032678433,0.034616981,0.034001569,0,0,0.029985998,0,0.023554932,0.035893966,0,0,0.032186099,0.033816947,0.03324769,1,0,0.67,1,1,1,0,0,1,0,1,0,1,0,0,0,1,1,1,-1.73535720642131,17,1.397903771,484.388182,0.829,0.615,0,0.2259,0.58,0,0,FALSE,0,40.7,0,0,0
"19","Burundi","Africa",0.493284309,0.722,0.554,0.278804433233687,0.408074607527648,0.313120959238666,0.116,0.66622306724662,51,1,0,0,0.035832422,0.038494086,0.035647801,0,0.030709109,0,0.034832379,0,0,0,0,0.036217058,0.033632321,0,0.024154961,0.037801742,0,0,0.034001569,0.020077851,0,0.029985998,0,0,0.035893966,0,0,0.032186099,0.033816947,0,0.88,0.33,0,0,1,1,0,1,1,0.33,0.5,1,0,0,1,1,1,1,1,-1.09728237513513,3,2.720890527,104.2494517,0.907,0.498,0,0.8777,0.0297,0,0,TRUE,3,36.6,6,0,0
"20","Cameroon","Africa",0.339815691,0.556,0.395,0.263256554262014,0.430735389937245,0.306008055800741,0.151,0.732845765730677,34,1,0,0,0.035832422,0.038494086,0,0,0,0,0.034832379,0,0,0.03703248,0,0.036217058,0,0,0.024154961,0,0,0,0.034001569,0,0,0,0,0,0,0,0,0.032186099,0.033816947,0.03324769,0.62,0.33,0,0,1,1,0,0,1,0,1,1,1,0,0,0,0,1,1,-1.31992913092173,36,1.486073738,1109.900387,0.852,0.621,0,0.5015,0.1963,0,0,FALSE,0,43,-4,0,0
"21","Canada","Americas",0.698001448,0.222,0.262,0.590525036311123,0.187817028799444,0.221657934889433,0.387,0.953151965037884,35,1,0.036001665,0.020708647,0.035832422,0.038494086,0.035647801,0.032693817,0,0.024693446,0.034832379,0,0.03389387,0,0,0.036217058,0.033632321,0.03629398,0,0,0,0.034616981,0.034001569,0.020077851,0.018600857,0,0,0,0.035893966,0.025785805,0.030832191,0.032186099,0.033816947,0.03324769,0.62,0,0,0,1,0,0,0,1,0,0,0,1,0,1,0,0,0,0,-3.06084621435523,141,1.248621382,37446.48609,0.982,0.121,1,0.8067,0.02,0.0106,0.0187,TRUE,0,31,10,0,1
"22","Central African Republic","Africa",0.394710528,0.389,0.541,0.297959833229317,0.293649059004082,0.408391107766602,0.113,0.663624235987367,43,1,0,0,0.035832422,0.038494086,0,0,0,0,0.034832379,0,0,0,0,0.036217058,0,0,0.024154961,0.037801742,0.032678433,0.034616981,0.034001569,0.020077851,0,0,0,0,0,0,0,0.032186099,0.033816947,0,0.75,0.33,0.33,0,1,1,0,1,1,0,1,0,0,0,0,0,1,0.5,1,-1.08952639862547,4,1.49177304,416.4112721,0.751,0.678,0,0.492,0.15,0,0,FALSE,0,51,-1,0,0
"23","Chad","Africa",0.435358555,0.333,0.583,0.322163613342426,0.246418686415908,0.431417700241665,0.161,0.527583424748064,43,1,0,0,0.035832422,0.038494086,0,0,0,0,0.034832379,0,0,0.03703248,0,0.036217058,0,0.03629398,0.024154961,0.037801742,0,0.034616981,0.034001569,0.020077851,0,0,0,0,0,0,0,0.032186099,0.033816947,0,1,0.33,0,1,1,0.5,0,1,1,0,1,1,0.5,0,0,0,0,0,0.5,-0.74989410795031,12,5.906335613,517.6730597,0.755,NA,0,0.33,0.552,0,2e-04,FALSE,13,41,-2,0,0
"24","Chile","Americas",0.5887964,0.778,0.634,0.294281017298912,0.388845161856549,0.31687382084454,0.086,0.930455661189363,43,1,0.036001665,0,0.035832422,0.038494086,0,0,0,0,0,0.036478606,0.03389387,0,0,0,0,0.03629398,0,0.037801742,0,0.034616981,0.034001569,0.020077851,0,0.029985998,0,0.023554932,0.035893966,0.025785805,0.030832191,0.032186099,0.033816947,0.03324769,1,0.67,0.67,1,1,1,0,0,1,0,0.5,0.5,0.5,0.5,1,1,1,1,1,-2.66579076132841,28,2.584010483,7468.454107,0.956,0.358,0,0.8775,2e-04,0.0013,1e-04,TRUE,0,45.8,10,0,1
"25","China","Asia",0.556487228,0.222,0.228,0.552900436805145,0.220569117842795,0.22653044535206,0.329,0.254084158743043,30,1,0.036001665,0,0.035832422,0.038494086,0,0,0.030709109,0.024693446,0,0.036478606,0,0.03703248,0.026339678,0.036217058,0,0,0.024154961,0,0.032678433,0.034616981,0.034001569,0,0,0.029985998,0,0,0,0,0,0.032186099,0.033816947,0.03324769,0.62,0.33,0.33,0,1,0,0,0,0,0,0.5,0,0,0,0.5,0,0,0,1,-0.293142498470754,26,1.878156146,2809.237884,0.939,0.189,0,0.058,0.025,0,0.126,FALSE,5,43.2,-7,0,0
"26","Colombia","Americas",0.601058511,0.389,0.46,0.414506384701327,0.268265036927189,0.317228578371483,0.129,0.719382988114164,73,1,0.036001665,0,0.035832422,0.038494086,0,0,0,0,0,0.036478606,0,0.03703248,0,0,0,0.03629398,0,0.037801742,0.032678433,0.034616981,0.034001569,0.020077851,0,0.029985998,0,0,0.035893966,0.025785805,0.030832191,0.032186099,0.033816947,0.03324769,1,0,1,0.6,0,0,0,1,1,0,0.5,0,0,0.5,0,0,1,0.5,1,-1.27076448633099,17,3.709744276,4269.024533,0.993,0.434,0,0.9701,6e-04,2e-04,0,TRUE,9,51.1,7,0,1
"27","Congo","Africa",0.360816649,0.5,0.488,0.267506075987056,0.370695305674567,0.361798618338377,0.099,0.49234642981661,53,1,0,0,0,0,0,0,0,0,0,0.036478606,0.03389387,0,0,0.036217058,0,0.03629398,0.024154961,0.037801742,0,0,0.034001569,0.020077851,0,0,0,0,0.035893966,0,0,0.032186099,0.033816947,0,0.88,0.33,0.67,0,1,0,0,1,1,0,0.5,0.5,0.5,0,0,0,1,1,1,-0.677956012494167,7,2.041300007,502.8055055,0.913,0.615,0,0.8413,0.0205,0,0,TRUE,0,46.5,-4,0,0
"28","Congo, Democratic Republic Of (Zaire)","Africa",0.466329222,0.444,0.408,0.353727440929016,0.336789925149668,0.309482633921316,0.039,0.607984859078272,56,1,0,0,0.035832422,0.038494086,0,0.032693817,0,0,0.034832379,0,0,0.03703248,0,0.036217058,0,0,0.024154961,0.037801742,0.032678433,0.034616981,0,0.020077851,0,0,0,0,0.035893966,0,0,0.032186099,0.033816947,0,0.75,0.33,0,0,1,0,0,1,1,0,0,0,0,0,1,0,1,1,1,-0.936454815137266,3,0.833061033,210.9201547,0.803,0.677,0,0.9186,0.015,0,1e-04,TRUE,8,42.2,5,0,0
"29","Costa Rica","Americas",0.55868732,0.5,0.418,0.378338265950574,0.338595715713195,0.283066018336231,0.083,0.968353652462967,54,1,0,0,0.035832422,0.038494086,0.035647801,0,0,0,0,0.036478606,0.03389387,0,0,0.036217058,0,0.03629398,0.024154961,0.037801742,0.032678433,0.034616981,0.034001569,0.020077851,0,0.029985998,0,0,0.035893966,0.025785805,0.030832191,0,0,0,0.75,0.33,0,0.6,1,1,0,0,0.5,0,1,0,0,0,1,0,1,0.5,1,-3.45313253872476,59,0,6321.029832,0.965,0.324,0,0.951,0,6e-04,3e-04,TRUE,0,45.3,10,0,1
"30","Cote D'Ivoire","Africa",0.433219992,0.333,0.608,0.315247918471557,0.242319280710915,0.442432800817527,0.175,0.751816028044696,35,1,0,0,0.035832422,0.038494086,0,0,0,0,0,0.036478606,0,0,0,0.036217058,0,0.03629398,0.024154961,0.037801742,0,0.034616981,0.034001569,0.020077851,0,0,0,0,0,0,0,0.032186099,0.033816947,0.03324769,0.75,0.33,1,1,1,1,0,0,1,0,1,0,0,0,0,0,0,1,1,-1.39358498543097,8,1.522855742,1100.602702,0.745,0.681,0,0.3249,0.3913,0,5e-04,FALSE,0,41.2,-88,0,0
"31","Croatia","Europe",0.837269416,0.278,0.562,0.499186003162655,0.165745584667598,0.335068412169748,0.289,0.896185066171127,66,1,0.036001665,0.020708647,0.035832422,0.038494086,0.035647801,0.032693817,0.030709109,0,0.034832379,0,0.03389387,0.03703248,0,0.036217058,0.033632321,0.03629398,0.024154961,0.037801742,0.032678433,0.034616981,0.034001569,0.020077851,0,0.029985998,0.023262612,0.023554932,0.035893966,0,0,0.032186099,0.033816947,0.03324769,0.62,0.33,0.67,1,1,1,0,0,1,0,1,0,0,0.5,0,0,0,1,0,-2.26514544741507,17,1.83948113,13019.49416,0.988,0.137,0,0.9227,0.0138,1e-04,0,TRUE,0,26.6,9,1,0
"32","Cyprus","Asia",0.438481771,0.611,0.733,0.245995094106351,0.342780504093021,0.411224401800629,0.144,0.936668072203276,51,1,0,0,0.035832422,0,0,0,0,0,0,0.036478606,0,0,0,0,0.033632321,0.03629398,0,0.037801742,0.032678433,0,0.034001569,0,0,0,0,0,0.035893966,0.025785805,0.030832191,0.032186099,0.033816947,0.03324769,1,0.33,0,1,1,1,1,1,1,0,0.5,1,0,1,1,0,1,0,1,-2.75936568841933,48,1.630011575,30567.40037,0.962,0.126,1,0.7226,0.213,2e-04,0,FALSE,0,29.4,10,0,0
"33","Czech Republic","Europe",0.842546578,0.889,0.508,0.376213018419303,0.396955351914989,0.226831629665708,0.161,0.969183161688646,56,1,0.036001665,0.020708647,0.035832422,0.038494086,0.035647801,0,0.030709109,0.024693446,0.034832379,0,0.03389387,0.03703248,0,0.036217058,0.033632321,0.03629398,0.024154961,0.037801742,0.032678433,0.034616981,0.034001569,0,0,0.029985998,0,0.023554932,0.035893966,0.025785805,0.030832191,0.032186099,0.033816947,0.03324769,0.75,0.33,0,1,1,1,0,0,1,0,1,1,1,0,1,1,1,1,1,-3.47969403996716,15,1.23821201,16506.80552,0.974,0.134,0,0.2614,2e-04,5e-04,3e-04,FALSE,0,25.2,9,1,0
"34","Denmark","Europe",0.774820373,0.222,0.162,0.668628539032425,0.191574125871879,0.139797335095696,0.505,0.985367508794446,20,1,0.036001665,0.020708647,0.035832422,0.038494086,0.035647801,0.032693817,0,0.024693446,0.034832379,0,0.03389387,0,0,0.036217058,0.033632321,0.03629398,0.024154961,0.037801742,0,0.034616981,0.034001569,0,0,0.029985998,0,0.023554932,0.035893966,0.025785805,0.030832191,0.032186099,0.033816947,0.03324769,0.62,0,0,0,1,0,0,0,0,0,0.5,0,0,0,0.5,0,0,1,0,-4.2245107978205,55,1.355004524,52254.46688,0.991,0.05,0,0.8392,0.0369,0.0013,8e-04,TRUE,0,24.7,10,1,0
"35","Dominican Republic","Americas",0.428389009,0.278,0.621,0.32273056812692,0.209433706407916,0.467835725465164,0.224,0.856156405685408,35,1,0.036001665,0,0.035832422,0,0,0,0,0,0,0.036478606,0,0,0,0.036217058,0,0,0.024154961,0.037801742,0.032678433,0,0.034001569,0.020077851,0,0,0,0,0.035893966,0,0,0.032186099,0.033816947,0.03324769,0.88,0.33,1,0,1,1,0,1,1,0,0.5,0,0,0,1,0,0,1,0,-1.93902872028827,6,0.699861657,4579.156844,0.985,0.465,0,0.815,2e-04,0,2e-04,TRUE,0,46.5,8,0,1
"36","Ecuador","Americas",0.541332677,0.389,0.626,0.347825811923115,0.249946560750649,0.402227627326237,0.134,0.79326629435929,91,1,0.036001665,0,0.035832422,0.038494086,0,0,0,0,0,0.036478606,0,0,0,0,0,0.03629398,0.024154961,0.037801742,0.032678433,0,0.034001569,0.020077851,0.018600857,0.029985998,0,0,0.035893966,0.025785805,0,0.032186099,0.033816947,0.03324769,1,0.33,1,0.6,0,0,1,1,1,0.33,0.5,0,0,0.5,0,0,1,0.5,1,-1.57632376007915,0,2.665041736,3263.527529,NA,0.418,0,0.916,1e-04,1e-04,4e-04,TRUE,6,46,5,0,1
"37","Egypt","Africa",0.429096727,0.389,0.421,0.346298006967458,0.313938364555135,0.339763628477408,0.03,0.430008413022381,38,1,0,0.020708647,0.035832422,0.038494086,0,0,0,0,0,0,0,0,0,0.036217058,0.033632321,0.03629398,0.024154961,0,0,0.034616981,0.034001569,0,0,0,0,0,0.035893966,0,0,0.032186099,0.033816947,0.03324769,0.88,0.33,0,0,1,1,0,0,1,0,0.5,0,0,0,1,0,0,1,1,-0.562133677950854,37,2.293042993,1675.276548,0.843,0.58,1,0.1214,0.8641,0,0,TRUE,1,38.4,-3,0,0
"38","El Salvador","Americas",0.618013136,0.389,0.66,0.370730813485323,0.233351490518789,0.395917695995888,0.152,0.796723490588358,56,1,0.036001665,0,0.035832422,0.038494086,0,0,0,0,0,0.036478606,0.03389387,0,0,0.036217058,0.033632321,0.03629398,0.024154961,0.037801742,0.032678433,0.034616981,0.034001569,0.020077851,0.018600857,0.029985998,0,0,0,0,0,0.032186099,0.033816947,0.03324769,1,0.33,0.67,0.6,1,0,1,1,1,0,0.5,0,0,0,1,0,1,0.5,0.5,-1.5931881114496,25,0.807243707,3211.16682,0.971,0.44,0,0.9071,0,0,0,TRUE,0,42.1,7,0,1
"39","Estonia","Europe",0.797913752,0.611,0.5,0.417993610850156,0.320077321125611,0.261929068024232,0.137,0.971698478721442,63,1,0.036001665,0,0.035832422,0.038494086,0.035647801,0.032693817,0.030709109,0.024693446,0.034832379,0,0.03389387,0.03703248,0,0.036217058,0.033632321,0.03629398,0.024154961,0.037801742,0.032678433,0.034616981,0.034001569,0,0,0.029985998,0,0.023554932,0.035893966,0,0,0.032186099,0.033816947,0.03324769,1,0.33,0.67,1,1,0,0,0,1,0,1,0,0.5,0,1,0,1,1,1,-3.56483972035164,16,2.092960807,14574.16854,1.028,0.158,0,0.2902,0.0014,0.0018,8e-04,FALSE,0,32.1,9,1,0
"40","Ethiopia","Africa",0.649460745,0.389,0.378,0.458509526149982,0.274628154273347,0.266862319576671,0.188,0.31799022002234,74,1,0.036001665,0.020708647,0.035832422,0,0.035647801,0.032693817,0.030709109,0.024693446,0.034832379,0,0,0.03703248,0.026339678,0.036217058,0,0.03629398,0.024154961,0.037801742,0,0.034616981,0.034001569,0,0,0.029985998,0,0,0.035893966,0,0,0.032186099,0.033816947,0,0.62,0.33,0.33,0,1,0.5,0,1,0,0,0.5,0.5,0,0,1,0,0,0.5,1,-0.382711281098297,14,1.500789294,243.9651901,0.822,0.572,0,0.5773,0.3728,1e-04,0,FALSE,11,32.2,-3,0,0
"41","Fiji","Oceania",0.671277143,0.444,0.45,0.428855136613977,0.283655838191716,0.287489025194307,0.143,0.242963521462058,50,1,0.036001665,0.020708647,0.035832422,0.038494086,0.035647801,0.032693817,0,0,0.034832379,0,0.03389387,0.03703248,0,0.036217058,0.033632321,0.03629398,0,0,0.032678433,0.034616981,0.034001569,0,0,0,0,0.023554932,0.035893966,0,0,0.032186099,0.033816947,0.03324769,0.5,0.33,0.67,0,1,0,1,0,1,0,1,0.5,0.5,1,0,0,0,0,1,-0.278343838412521,11,1.520844835,3745.81965,0.955,0.409,1,0.5436,0.07,1e-04,0,FALSE,0,39.7,-4,0,0
"42","Finland","Europe",0.704047881,0.444,0.183,0.528942565515417,0.333571771788125,0.137485662696457,0.339,0.978315935226936,43,1,0,0.020708647,0.035832422,0.038494086,0,0.032693817,0,0,0.034832379,0,0,0.03703248,0.026339678,0.036217058,0.033632321,0.03629398,0,0.037801742,0.032678433,0.034616981,0.034001569,0.020077851,0,0,0.023262612,0.023554932,0.035893966,0,0.030832191,0.032186099,0.033816947,0.03324769,0.5,0.33,0,0,1,0,0,0,0,0,1,0.5,0.5,1,0.5,0,0,0.5,0,-3.83117763045219,9,1.394917394,43814.88662,1.006,0.071,0,0.843,0.0045,2e-04,9e-04,TRUE,2,25.2,10,1,0
"43","France","Europe",0.595012077,0.556,0.495,0.361487066415977,0.337786099974041,0.300726833609982,0.053,0.977802952768443,13,0,0,0,0.035832422,0.038494086,0,0,0,0,0.034832379,0,0.03389387,0.03703248,0,0.036217058,0,0.03629398,0.024154961,0.037801742,0,0.034616981,0.034001569,0.020077851,0,0,0,0,0.035893966,0.025785805,0.030832191,0.032186099,0.033816947,0.03324769,0.62,0.33,1,0,1,1,0,0,1,0,1,0,0,0,1,0,1,1,1,-3.80779600653772,50,2.257835008,38593.13167,0.99,0.124,0,0.6951,0.0902,0.0098,0.01,FALSE,0,28.9,9,1,0
"44","Gabon","Africa",0.5312399,0.556,0.533,0.327877310020572,0.343159059346705,0.328963630632723,0.015,0.703084160809482,32,1,0,0,0.035832422,0,0,0,0,0,0.034832379,0,0.03389387,0,0,0.036217058,0,0.03629398,0.024154961,0.037801742,0.032678433,0.034616981,0.034001569,0,0,0.029985998,0,0,0.035893966,0.025785805,0,0.032186099,0.033816947,0.03324769,1,0.33,0,0,1,1,0,1,1,0,1,0,0,0,0,1,1,1,1,-1.21430655006512,17,1,4546.377243,0.909,0.555,0,0.7335,0.12,0,0,FALSE,0,39.4,-4,0,0
"45","Georgia","Asia",0.633598474,0.556,0.546,0.36506051571926,0.320350592795001,0.314588891485739,0.048,0.773425028729757,59,1,0,0,0.035832422,0.038494086,0.035647801,0,0.030709109,0,0.034832379,0,0,0,0,0.036217058,0.033632321,0.03629398,0.024154961,0.037801742,0.032678433,0.034616981,0.034001569,0,0,0.029985998,0,0.023554932,0.035893966,0,0,0.032186099,0.033816947,0.03324769,1,0.33,0.33,0.8,1,0,0,1,1,0,1,0.5,0,0.5,1,1,0,0,1,-1.48467938984151,13,8.520097091,2824.459366,0.957,0.421,0,0.8558,0.0964,0.0029,0,TRUE,17,38.8,6,0,0
"46","German Federal Republic","Europe",0.864609137,0.444,0.495,0.479377221629145,0.24617307092296,0.274449707447895,0.22,0.978477896222964,45,1,0.036001665,0.020708647,0.035832422,0.038494086,0.035647801,0.032693817,0,0.024693446,0.034832379,0,0.03389387,0.03703248,0,0.036217058,0.033632321,0.03629398,0.024154961,0.037801742,0.032678433,0.034616981,0.034001569,0.020077851,0,0.029985998,0,0.023554932,0.035893966,0.025785805,0.030832191,0.032186099,0.033816947,0.03324769,0.62,0.33,0,0,1,1,0,1,1,0,1,1,0,0,0.5,0,0,0.5,1,-3.83867478931072,59,1.281316605,38228.39627,0.964,0.092,0,0.6597,0.0424,0.0023,0.001,FALSE,0,28.6,10,1,0
"47","Ghana","Africa",0.466113815,0.667,0.604,0.268326583425393,0.38397023513396,0.347703181440647,0.102,0.909102685675176,57,1,0,0.020708647,0.035832422,0.038494086,0,0,0.030709109,0,0,0.036478606,0.03389387,0,0,0,0.033632321,0,0,0.037801742,0.032678433,0,0.034001569,0,0,0.029985998,0,0,0.035893966,0,0,0.032186099,0.033816947,0,0.88,0.33,0.33,0,1,0.5,1,1,1,0,0.5,0.5,0.5,0.5,1,1,1,0,1,-2.39802482361665,16,0.39844462,968.2842242,0.886,0.572,1,0.5935,0.1595,0,0,FALSE,0,40.8,8,0,0
"48","Greece","Europe",0.799713838,0.333,0.462,0.50147795732616,0.208814893346401,0.289707149327439,0.262,0.974004625719843,51,1,0.036001665,0.020708647,0.035832422,0.038494086,0.035647801,0.032693817,0,0.024693446,0.034832379,0,0.03389387,0.03703248,0,0.036217058,0.033632321,0.03629398,0.024154961,0.037801742,0.032678433,0,0.034001569,0.020077851,0,0,0.023262612,0,0.035893966,0.025785805,0.030832191,0.032186099,0.033816947,0.03324769,0.62,0,0.33,1,1,0,0,0,1,0.67,1,0.5,0.5,0,0,0,0,1,0,-3.64983666909058,33,2.983052345,26182.9617,0.963,0.15,0,0.9528,0.0216,5e-04,0,TRUE,17,32.9,10,1,0
"49","Guatemala","Americas",0.527824353,0.556,0.315,0.377334260636796,0.397476637297292,0.225189102065912,0.163,0.787510108658177,60,1,0,0,0.035832422,0.038494086,0,0,0,0,0,0.036478606,0.03389387,0,0,0.036217058,0.033632321,0.03629398,0,0.037801742,0,0.034616981,0.034001569,0.020077851,0.018600857,0.029985998,0,0,0.035893966,0,0,0.032186099,0.033816947,0,0.62,0.33,0,0.2,1,0,0,0,1,0,0.5,0,0,0.5,1,0,1,1,1,-1.54886086190529,23,0.42542189,2371.943846,0.912,0.534,0,0.95,1e-04,1e-04,2e-04,TRUE,0,47.2,8,0,1
"50","Guinea-Bissau","Africa",0.481283749,0.444,0.321,0.386175098075519,0.356259158764013,0.257565743160469,0.117,0.685672294740005,45,1,0,0,0.035832422,0.038494086,0,0,0,0.024693446,0,0.036478606,0.03389387,0,0.026339678,0.036217058,0,0,0.024154961,0.037801742,0.032678433,0.034616981,0.034001569,0.020077851,0,0,0,0,0,0,0,0.032186099,0.033816947,0,0.88,0.33,0,0,1,0,0,1,0,0,1,1,0,1,0,0,0,1,0,-1.15731918997031,24,1.664401303,483.2722843,NA,NA,0,0.1198,0.42,0,0,FALSE,0,42.6,6,0,0
"51","Guyana","Americas",0.611012802,0.5,0.572,0.363047031652942,0.297086272549934,0.339866695797124,0.058,0.638841591872916,52,1,0,0.020708647,0,0,0,0,0,0.24693446,0,0,0.03389387,0,0,0.036217058,0.033632321,0,0,0.037801742,0.032678433,0,0.034001569,0,0,0,0,0,0.035893966,0,0,0.032186099,0.033816947,0.03324769,0.88,0.67,0.67,1,1,0.5,0,0,1,0,0.5,0.5,0.5,1,1,0,0,0,1,-1.0184386132193,28,1.587467816,2404.953499,0.951,0.524,1,0.5666,0.0736,0,5e-04,FALSE,0,46.6,6,0,1
"52","Haiti","Americas",0.539917227,0.556,0.467,0.345454780120611,0.355745007089873,0.298800212789516,0.053,0.858183576152612,44,1,0.036001665,0,0.035832422,0,0,0,0.030709109,0,0.034832379,0.036478606,0.03389387,0.03703248,0,0,0,0,0.024154961,0.037801742,0.032678433,0.034616981,0.034001569,0,0,0.029985998,0,0,0.035893966,0,0,0.032186099,0.033816947,0,0.88,0.33,0.33,0.8,1,0,0,0,1,0.33,1,0.5,0.5,0,1,0,1,0,1,-1.95322184756166,21,0,640.8350198,NA,0.579,0,0.85,2e-04,1e-04,0,TRUE,0,53,5,0,1
"53","Honduras","Americas",0.576180439,0.333,0.64,0.371925970981099,0.214952365532676,0.413121663486225,0.181,0.802959389349026,60,1,0,0,0.035832422,0.038494086,0.035647801,0,0,0,0,0.036478606,0.03389387,0,0,0.036217058,0.033632321,0.03629398,0,0.037801742,0.032678433,0,0.034001569,0.020077851,0,0.029985998,0,0,0.035893966,0,0,0.032186099,0.033816947,0.03324769,1,0.33,0.67,0.4,1,0,1,1,1,0,0.5,0,0,0,1,0,0,0.5,1,-1.62434542605278,26,0.953977829,1569.548079,0.972,0.513,0,0.9269,0.0014,1e-04,5e-04,TRUE,0,50.8,7,0,1
"54","Hungary","Europe",0.77337416,0.667,0.388,0.422984625860169,0.364804980617315,0.212210393522516,0.189,0.917519665894103,67,1,0.036001665,0.020708647,0.035832422,0.038494086,0.035647801,0.032693817,0,0.024693446,0.034832379,0,0.03389387,0.03703248,0,0.036217058,0.033632321,0.03629398,0.024154961,0.037801742,0.032678433,0,0.034001569,0.020077851,0,0.029985998,0,0.023554932,0.035893966,0,0,0.032186099,0.033816947,0.03324769,0.88,0.33,0.67,0,1,0,0,0,1,0,1,0.5,1,0.5,1,0,1,1,0,-2.49519538853119,59,1.189010403,12121.17631,0.993,0.256,0,0.7005,4e-04,0.0012,3e-04,FALSE,0,26.7,10,1,0
"55","India","Asia",0.624351899,0.833,0.588,0.305254024652312,0.407264882100369,0.287481093247319,0.112,0.914405401121462,39,1,0.036001665,0.020708647,0.035832422,0.038494086,0.035647801,0,0,0.024693446,0.034832379,0,0,0.03703248,0,0.036217058,0.033632321,0.03629398,0,0.037801742,0.032678433,0,0,0,0,0,0,0.023554932,0.035893966,0.025785805,0,0.032186099,0.033816947,0.03324769,0.88,0.67,0,1,1,0,1,0,1,0.33,0.5,1,1,1,1,0,1,1,1,-2.45813309503849,59,2.550194847,851.0608475,0.794,0.581,1,0.0233,0.1336,0,0.0077,FALSE,27,46.4,9,0,0
"56","Indonesia","Asia",0.642983523,0.278,0.35,0.505894459970902,0.218728248611607,0.275377291417491,0.263,0.827240404980781,31,1,0,0,0.035832422,0.038494086,0,0,0,0,0.034832379,0.036478606,0,0.03703248,0,0.036217058,0.033632321,0.03629398,0.024154961,0.037801742,0.032678433,0.034616981,0.034001569,0,0,0.029985998,0,0,0.035893966,0.025785805,0,0.032186099,0.033816947,0.03324769,0.5,0.33,0.67,0,1,0,0,0,1,0,0.5,0,0,0,1,0,0,0,1,-1.7558542750738,49,0.63348078,1521.41279,0.924,0.485,0,0.1094,0.8385,0,0.008,TRUE,2,44.4,8,0,0
"57","Iran (Persia)","Asia",0.481976089,0.222,0.521,0.393457548541586,0.181228027219068,0.425314424239345,0.23,0.328584017130299,42,0,0,0,0.035832422,0.038494086,0,0,0.030709109,0,0.034832379,0.036478606,0,0,0,0.036217058,0.033632321,0.03629398,0,0.037801742,0,0,0.034001569,0,0,0,0,0,0.035893966,0.025785805,0,0.032186099,0.033816947,0,0.88,0,1,1,1,0,0,0,1,0.33,0.5,0,0,0,0.5,0,0,0,1,-0.39836638943253,29,2.858574133,4308.47724,0.872,0.526,0,0.0016,0.99,1e-04,0,TRUE,25,39.3,-6,0,0
"58","Ireland","Europe",0.661168983,0.389,0.362,0.468193956218623,0.275462784328836,0.256343259452541,0.203,0.969132379971412,29,1,0.036001665,0.020708647,0.035832422,0.038494086,0.035647801,0.032693817,0.030709109,0,0.034832379,0,0.03389387,0.03703248,0,0.036217058,0,0.03629398,0,0.037801742,0,0,0.034001569,0.020077851,0,0,0,0,0.035893966,0.025785805,0,0.032186099,0.033816947,0.03324769,0.62,0,0,0,1,0,1,0,1,0,0,1,1,1,0.5,0,0,0,0,-3.47804754001975,71,0.575745115,44216.54011,0.976,0.162,1,0.9332,0.0067,5e-04,1e-04,TRUE,0,29.5,10,1,0
"59","Italy/Sardinia","Europe",0.859055033,0.222,0.475,0.552072397686207,0.142668475916301,0.305259126397492,0.357,0.934400857235489,49,1,0.036001665,0.020708647,0.035832422,0.038494086,0.035647801,0.032693817,0,0.024693446,0.034832379,0,0.03389387,0.03703248,0,0.036217058,0.033632321,0.03629398,0,0.037801742,0.032678433,0.034616981,0.034001569,0.020077851,0.018600857,0.029985998,0,0.023554932,0.035893966,0.025785805,0.030832191,0.032186099,0.033816947,0.03324769,0.75,0,1,0,1,1,0,0,1,0,0.5,0,0,0,0.5,0,0,1,0,-2.72419265073164,61,1.725085697,33620.52585,0.97,0.122,0,0.859,0.0171,5e-04,0.001,TRUE,0,32.8,10,1,0
"60","Jamaica","Americas",0.590334943,0.611,0.25,0.406753069542817,0.420991724168802,0.172255206288381,0.242,0.918537040360276,33,1,0.036001665,0.020708647,0.035832422,0.038494086,0.035647801,0.032693817,0,0.024693446,0.034832379,0,0.03389387,0,0,0,0.033632321,0.03629398,0,0,0.032678433,0,0.034001569,0,0,0,0,0,0.035893966,0.025785805,0,0.032186099,0.033816947,0.03324769,0.5,0,0,0,1,0,0,0,1,0,0.5,1,1,1,1,0,0,0,1,-2.50760684499217,46,0.953358265,4293.628373,0.983,0.453,1,0.7135,9e-04,2e-04,1e-04,FALSE,0,41,9,0,1
"61","Japan","Asia",0.66590766,0.278,0.475,0.469310074765542,0.195925364163585,0.334764561070873,0.237,0.917610022533718,44,1,0.036001665,0.020708647,0.035832422,0.038494086,0.035647801,0.032693817,0,0.024693446,0.034832379,0,0.03389387,0.03703248,0,0.036217058,0,0.03629398,0,0.037801742,0,0,0.034001569,0,0,0,0,0,0.035893966,0.025785805,0.030832191,0.032186099,0.033816947,0.03324769,0.62,0,0.33,0.8,1,0,1,0,1,0,1,0.5,0.5,0,0.5,0,0,0,0,-2.49629148215532,62,0.920247843,30965.21121,0.959,0.118,0,0.0235,0.0015,0,0.6965,FALSE,9,30.5,10,0,0
"62","Jordan","Asia",0.23614936,0.5,0.342,0.219032138552677,0.463757637439028,0.317210224008295,0.213,0.515273027560141,25,1,0,0.020708647,0.035832422,0,0,0,0,0.024693446,0.034832379,0,0,0,0,0,0,0,0,0,0,0,0.034001569,0.020077851,0,0,0,0,0,0,0,0.032186099,0.033816947,0,0.75,0.67,0,0,1,0,0,0,1,0,1,0,1,0,1,0,0,0.5,1,-0.724169489979765,56,6.182102684,3142.500152,0.851,0.488,1,0.03,0.97,0,0,TRUE,0,34.8,-3,0,0
"63","Kazakhstan","Asia",0.416957708,0.833,0.408,0.251488747866179,0.502425361021332,0.246085891112489,0.254,0.387607587192589,53,1,0,0,0.035832422,0,0,0,0,0,0.034832379,0,0,0,0,0.036217058,0,0.03629398,0.024154961,0,0,0.034616981,0.034001569,0.020077851,0,0,0,0,0.035893966,0.025785805,0,0.032186099,0.033816947,0.03324769,0.75,0,0.33,1,1,0,0,0,1,0,1,0.5,1,0.5,0.5,1,1,1,1,-0.490382004551302,13,1.154668506,5286.994908,1.008,0.273,0,0.3046,0.5117,3e-04,0,FALSE,0,27,-6,0,0
"64","Kenya","Africa",0.345431329,0.667,0.488,0.230221351903003,0.444538838338266,0.325239809758731,0.186,0.84232367284335,37,1,0,0.020708647,0.035832422,0,0,0,0,0,0.034832379,0,0,0,0,0,0,0.03629398,0.024154961,0,0.032678433,0,0,0,0,0,0,0,0.035893966,0.025785805,0,0.032186099,0.033816947,0.03324769,0.88,0.33,0.67,0,1,0,1,0,1,0,0.5,0.5,0,1,1,1,1,0,1,-1.84721090942868,45,1.615850294,765.3323387,0.951,0.611,1,0.8233,0.0905,0,0,TRUE,4,44.3,7,0,0
"65","Korea, Republic Of","Asia",0.635367779,0.722,0.615,0.322134535843074,0.366057490741436,0.311807973415489,0.05,0.855191052121741,52,1,0,0.020708647,0.035832422,0.038494086,0.035647801,0,0,0,0,0.036478606,0.03389387,0,0,0.036217058,0.033632321,0.03629398,0,0.037801742,0,0.034616981,0.034001569,0,0,0.029985998,0,0,0.035893966,0.025785805,0.030832191,0.032186099,0.033816947,0.03324769,0.75,0.33,0.67,0.4,1,1,1,0,1,0,1,0.5,0,1,1,0,1,1,1,-1.93234000620038,60,2.601476045,16672.3764,0.926,0.095,0,0.2859,0.0015,0,0.2255,FALSE,6,31.2,8,0,0
"66","Kuwait","Asia",0.404910994,0.444,0.442,0.313662983646416,0.343943154922112,0.342393861431472,0.03,0.689455253630946,34,1,0,0.020708647,0.035832422,0,0,0,0,0.024693446,0,0,0,0,0,0.036217058,0,0.03629398,0,0,0.032678433,0,0.034001569,0,0,0,0,0.023554932,0.035893966,0.025785805,0,0.032186099,0.033816947,0.03324769,0.75,0.67,0,0,1,1,0,1,0,0,1,0,0,0,1,0,0,1,1,-1.16942727730217,16,3.006072721,48801.43297,0.985,0.219,1,0,0.9065,0,0,TRUE,0,NA,-7,0,0
"67","Kyrgyz Republic","Asia",0.509115807,0.5,0.408,0.359261963267339,0.352829315381421,0.28790872135124,0.068,0.455636753754298,61,1,0,0,0,0.038494086,0,0,0.030709109,0,0.034832379,0,0,0,0,0,0,0,0.024154961,0.037801742,0.032678433,0.034616981,0.034001569,0.020077851,0,0.029985998,0,0,0.035893966,0.025785805,0.030832191,0.032186099,0.033816947,0.03324769,0.62,0.33,0.33,0.8,1,0,0,0,1,0,1,0.5,0.5,0.5,0.5,0,0,0.5,1,-0.608138522890757,1,2.904910847,787.7809958,0.959,0.379,0,0.14,0.8002,1e-04,0,TRUE,0,34.9,3,0,0
"68","Latvia","Europe",0.787497887,0.167,0.333,0.611649848090197,0.129708950737874,0.258641201171929,0.432,0.95221674355936,41,1,0.036001665,0.020708647,0.035832422,0.038494086,0,0.032693817,0,0.024693446,0.034832379,0,0,0.03703248,0,0.036217058,0.033632321,0.03629398,0.024154961,0.037801742,0.032678433,0.034616981,0.034001569,0.020077851,0,0.029985998,0.023262612,0.023554932,0.035893966,0.025785805,0,0.032186099,0.033816947,0.03324769,0.5,0.33,0,0,1,0.5,0,0,1,0,0.5,0,0,0,0,0,0,0,1,-3.041079984517,17,1.634413689,12526.91312,1.038,0.201,0,0.5756,2e-04,0.0027,0,FALSE,0,35.8,8,1,0
"69","Lesotho","Africa",0.537040178,0.611,0.484,0.329060635417764,0.374378038136755,0.296561326445482,0.068,0.748485133694368,50,1,0.036001665,0.020708647,0.035832422,0.038494086,0.035647801,0.032693817,0,0.024693446,0.034832379,0,0,0,0,0.036217058,0,0.03629398,0,0.037801742,0.032678433,0,0,0,0,0,0,0,0.035893966,0,0,0.032186099,0.033816947,0.03324769,0.5,0.67,0.67,0,1,0,1,0,1,0,1,0.5,1,1,1,0,0,0,1,-1.38025318063013,15,1.463596321,1130.962569,0.998,0.568,1,0.9237,6e-04,0,0,TRUE,0,51.9,8,0,0
"70","Lithuania","Europe",0.799652295,0.389,0.378,0.510421040809186,0.248300150098079,0.241278809092735,0.266,0.9445881759984,62,1,0.036001665,0.020708647,0.035832422,0.038494086,0.035647801,0,0,0,0.034832379,0,0.03389387,0.03703248,0,0.036217058,0.033632321,0.03629398,0.024154961,0.037801742,0.032678433,0.034616981,0.034001569,0.020077851,0,0.029985998,0.023262612,0.023554932,0.035893966,0.025785805,0,0.032186099,0.033816947,0.03324769,0.62,0.33,0.33,0,1,0.5,0,0,1,0,1,0.5,0.5,0.5,0.5,0,0,0.5,0,-2.89296227836999,16,1.130355159,12632.04904,1.039,0.159,0,0.8598,8e-04,0.0017,1e-04,TRUE,0,33.8,10,1,0
"71","Macedonia (Former Yugoslav Republic Of)","Europe",0.853039375,0.444,0.383,0.507749632356087,0.264279520234459,0.227970847409454,0.264,0.768860153085512,66,1,0.036001665,0,0.035832422,0.038494086,0.035647801,0.032693817,0.030709109,0,0.034832379,0.036478606,0.03389387,0.03703248,0,0.036217058,0.033632321,0.03629398,0.024154961,0.037801742,0.032678433,0.034616981,0.034001569,0.020077851,0,0.029985998,0.023262612,0.023554932,0.035893966,0,0,0.032186099,0.033816947,0.03324769,0.5,0.33,1,0,1,0,0,0,1,0,0.5,0,0,0.5,0.5,1,0,1,0.5,-1.46473235374151,17,1.742340869,3665.165546,0.796,NA,0,0.645,0.338,0,0,FALSE,0,34.7,9,1,0
"72","Madagascar (Malagasy)","Africa",0.455928736,0.556,0.4,0.322912002833548,0.393787579941995,0.283300417224457,0.097,0.738748678466831,39,1,0,0,0.035832422,0,0,0,0,0,0.034832379,0,0,0.03703248,0,0.036217058,0.033632321,0.03629398,0.024154961,0,0,0.034616981,0.034001569,0.020077851,0,0.029985998,0,0,0,0,0,0.032186099,0.033816947,0.03324769,1,0.33,0.67,0,1,0,0,0,1,0,1,0,0,0,1,0,1,1,1,-1.34227241721574,10,1.097115211,435.3505354,0.939,NA,0,0.585,0.045,0,0,FALSE,0,41.7,7,0,0
"73","Malawi","Africa",0.406172591,0.5,0.529,0.283013063060929,0.348390154003436,0.368596782935635,0.077,0.765856350374559,63,1,0,0.020708647,0.035832422,0.038494086,0,0,0,0,0,0.036478606,0.03389387,0.03703248,0,0,0,0,0,0.037801742,0.032678433,0,0.034001569,0,0,0,0,0,0,0,0,0.032186099,0.033816947,0.03324769,0.62,0,0.67,0,1,1,1,0,1,0,0.5,0.5,0.5,1,1,0,0,0,1,-1.45182046468795,14,0.835636994,295.8979782,0.904,0.621,1,0.7021,0.146,0,0,FALSE,0,43.4,6,0,0
"74","Malaysia","Asia",0.421650239,0.611,0.421,0.290063061723887,0.420321191169288,0.289615747106825,0.13,0.396224884816279,29,1,0.036001665,0.020708647,0,0,0,0,0,0.024693446,0.034832379,0,0.03389387,0.03703248,0.026339678,0.036217058,0,0.03629398,0,0,0.032678433,0,0,0,0,0,0,0,0.035893966,0,0,0,0.033816947,0.03324769,0.88,0.33,0,0,1,0,1,0,1,0,0.5,1,1,1,1,0,0,0,1,-0.504553476232569,51,1.911425302,6472.386491,0.958,0.31,1,0.082,0.6,0,0.1872,FALSE,3,41.7,6,0,0
"75","Mali","Africa",0.404695597,0.5,0.508,0.286470487951836,0.353933289706431,0.359596222341734,0.07,0.874895011195181,41,1,0,0,0,0,0,0,0,0,0.034832379,0,0.03389387,0,0,0.036217058,0.033632321,0.03629398,0.024154961,0.037801742,0,0.034616981,0.034001569,0,0,0,0,0,0,0,0,0.032186099,0.033816947,0.03324769,0.75,0.33,0,1,1,1,0,0,1,0,1,1,0,0,0,0,1,0.5,1,-2.07860198376868,16,1.635669871,571.1708451,0.798,0.678,0,0.0277,0.9041,0,0,TRUE,0,37.6,7,0,0
"76","Mauritania","Africa",0.462944443,0.389,0.421,0.363680006260886,0.305590713042612,0.330729280696502,0.05,0.832020762362199,26,1,0,0,0.035832422,0.038494086,0,0,0,0,0.034832379,0,0.03389387,0.03703248,0,0.036217058,0,0,0.024154961,0.037801742,0,0.034616981,0.034001569,0.020077851,0,0.029985998,0,0,0,0,0,0.032186099,0.033816947,0,0.88,0.33,0,0,1,1,0,0,1,0,1,0,0,0,1,0,0,0.5,1,-1.78391489270547,17,3.496435245,721.1446098,0.825,0.656,0,0.0026,0.96,0,0,TRUE,0,36.7,-5,0,0
"77","Mauritius","Africa",0.697555273,0.556,0.438,0.412375098901069,0.328691594578476,0.258933306520454,0.133,0.894276275808887,33,1,0.036001665,0.020708647,0.035832422,0.038494086,0.035647801,0.032693817,0,0.024693446,0.034832379,0,0.03389387,0.03703248,0,0,0.033632321,0.03629398,0,0.037801742,0.032678433,0.034616981,0.034001569,0,0,0,0,0.023554932,0.035893966,0,0,0.032186099,0.033816947,0.03324769,0.88,0.33,0.67,0,1,0.5,0,1,0,0,1,0.5,0,1,1,0,0,1,0.5,-2.24692596293581,40,0.161601948,7242.371805,0.941,0.375,1,0.3176,0.167,0,0.0025,FALSE,0,36.4,10,0,0
"78","Mexico","Americas",0.466313824,0.556,0.466,0.313316866698673,0.373577125357669,0.313106007943658,0.06,0.830252897992843,76,1,0.036001665,0,0.035832422,0.038494086,0,0,0,0,0,0.036478606,0.03389387,0,0,0.036217058,0,0.03629398,0,0.037801742,0,0.034616981,0.034001569,0.020077851,0,0.029985998,0,0,0,0.025785805,0.030832191,0,0,0,1,0.33,0.33,1,0,0,1,0,1,0,0.5,0.5,0,0.5,1,0,1,0.5,1,-1.77344558481185,91,0.448540527,8216.222505,0.948,0.399,0,0.936,0.002,0.0012,2e-04,TRUE,0,46.6,8,0,1
"79","Moldova","Europe",0.790959581,0.222,0.475,0.531573297487306,0.149197601087257,0.319229101425437,0.332,0.657837058848727,61,1,0.036001665,0,0.035832422,0.038494086,0.035647801,0.032693817,0.030709109,0.024693446,0.034832379,0,0.03389387,0.03703248,0,0,0.033632321,0.03629398,0.024154961,0.037801742,0,0.034616981,0.034001569,0.020077851,0.018600857,0.029985998,0.023262612,0.023554932,0.035893966,0,0,0.032186099,0.033816947,0.03324769,0.75,0.33,0.67,0,1,1,0,0,1,0,0.5,0,0.5,0,0,0,0,1,0,-1.07246821926435,14,0.608536033,1688.691866,1.008,0.283,0,0.8686,0.0168,0.002,0,TRUE,0,37.3,9,1,0
"80","Mongolia","Asia",0.862501347,0.611,0.775,0.383589428643558,0.271736550576325,0.344674020780117,0.098,0.90741274950208,61,1,0.036001665,0.020708647,0.035832422,0.038494086,0.035647801,0.032693817,0.030709109,0,0.034832379,0.036478606,0.03389387,0,0,0.036217058,0.033632321,0.03629398,0.024154961,0.037801742,0.032678433,0.034616981,0.034001569,0.020077851,0,0.029985998,0.023262612,0.023554932,0.035893966,0.025785805,0,0.032186099,0.033816947,0.03324769,0.75,0.33,0.67,1,1,1,1,1,1,0,0.5,0.5,0.5,0.5,0,1,1,1,0.5,-2.37960383041704,16,1.172062802,1597.630319,1.021,0.418,0,0.0087,0.03,0,0.6491,FALSE,0,33.5,10,0,0
"81","Morocco","Africa",0.373078755,0.556,0.262,0.313227612728262,0.466803725333847,0.219968661937892,0.216,0.619650913231922,17,1,0,0,0.035832422,0.038494086,0,0,0,0.024693446,0.034832379,0,0,0,0,0,0,0.03629398,0,0.037801742,0,0,0,0,0,0.029985998,0,0,0.035893966,0,0,0.032186099,0.033816947,0.03324769,0.62,0,0,0,1,0,0,0,1,0,1,0,0,0,1,0,1,1,1,-0.966665798572134,36,3.183501428,2579.512127,0.823,0.566,0,0.01,0.9891,2e-04,0,TRUE,0,39.8,-6,0,0
"82","Mozambique","Africa",0.441928092,0.667,0.488,0.276736375428481,0.417676915661648,0.305586708909871,0.129,0.655908757700955,60,1,0,0,0.035832422,0.038494086,0,0,0,0,0.034832379,0,0,0,0,0.036217058,0,0,0.024154961,0.037801742,0.032678433,0,0.034001569,0.020077851,0.018600857,0.029985998,0,0,0,0,0,0.032186099,0.033816947,0.03324769,0.88,0.33,0.67,0,1,0,0,1,1,0,0.5,0.5,0,1,1,1,0,1,1,-1.06684841753704,4,0.728236393,416.5525454,0.889,0.6,0,0.4504,0.2175,0,1e-04,FALSE,0,43.6,5,0,0
"83","Namibia","Africa",0.570503257,0.5,0.438,0.37819159776597,0.33145437219298,0.29035403004105,0.076,0.856645345812175,55,1,0.036001665,0.020708647,0.035832422,0.038494086,0.035647801,0,0,0,0,0,0.03389387,0,0,0.036217058,0.033632321,0.03629398,0.024154961,0.037801742,0.032678433,0,0.034001569,0,0,0,0,0,0.035893966,0,0,0.032186099,0.033816947,0.03324769,0.88,0.33,0.67,0,1,0.5,0,0,1,0,0.5,0.5,0.5,1,1,0,0,0,1,-1.94243361987723,18,3.13723952,3501.735816,0.976,0.512,0,0.8652,0.005,0,0,TRUE,0,60.5,6,0,0
"84","Nepal","Asia",0.452774747,0.5,0.68,0.277303864376829,0.306227176111513,0.416468959511658,0.127,0.876098725621711,52,1,0.036001665,0.020708647,0.035832422,0,0,0.032693817,0,0.024693446,0.034832379,0,0,0.03703248,0,0.036217058,0,0.03629398,0,0,0.032678433,0,0.034001569,0,0,0,0,0,0,0.025785805,0,0.032186099,0.033816947,0,1,0.33,0.67,0.8,1,0,1,1,1,0,0.5,0,0,1,1,0,0,1,1,-2.08827020486088,2,1.599971653,443.7791997,0.885,0.526,0,0.0153,0.0428,0,0.0983,FALSE,0,37,6,0,0
"85","Netherlands","Europe",0.776405071,0.389,0.362,0.50831641569167,0.254680311978616,0.237003272329715,0.263,0.952802565532432,24,0,0.036001665,0,0.035832422,0.038494086,0.035647801,0.032693817,0,0.024693446,0.034832379,0,0,0.03703248,0.026339678,0.036217058,0.033632321,0.03629398,0,0.037801742,0.032678433,0.034616981,0.034001569,0.020077851,0.018600857,0.029985998,0,0,0.035893966,0.025785805,0,0.032186099,0.033816947,0.03324769,0.62,0.67,0,1,1,0,0,0,0,0.33,0.5,0,0,1,1,0,0,0,1,-3.05341574236857,193,1.321728573,46442.6844,0.965,0.05,0,0.6477,0.055,0.0016,0.0119,FALSE,0,26.8,10,1,0
"86","New Zealand","Oceania",0.687524043,0.111,0.288,0.632773887912943,0.102160647723467,0.26506546436359,0.471,0.959254795929565,0,0,0.036001665,0.020708647,0.035832422,0.038494086,0.035647801,0.032693817,0,0.024693446,0.034832379,0,0.03389387,0,0.026339678,0.036217058,0.033632321,0.03629398,0,0.037801742,0.032678433,0,0,0,0,0,0,0,0.035893966,0.025785805,0.030832191,0.032186099,0.033816947,0.03324769,0.88,0,0,0,1,0,1,0,0,0,0,0,0,0,1,0,0,0,0,-3.20041713774452,156,1.246459969,23923.59954,0.963,0.177,1,0.5407,0.0112,0.0011,0.021,FALSE,0,32,10,0,0
"87","Nicaragua","Americas",0.716725387,0.611,0.586,0.374518408894369,0.319272558200118,0.306209032905514,0.063,0.672237204756798,75,1,0.036001665,0,0.035832422,0.038494086,0,0,0,0,0,0.036478606,0.03389387,0.03703248,0,0.036217058,0.033632321,0.03629398,0.024154961,0.037801742,0.032678433,0.034616981,0.034001569,0.020077851,0.018600857,0.029985998,0,0,0.035893966,0.025785805,0,0.032186099,0.033816947,0.03324769,1,0.33,0.33,0.2,1,0,1,1,1,0,0.5,0.5,0,0.5,1,0,1,1,1,-1.11546511745672,21,0.502059513,1359.633611,0.939,0.518,0,0.9005,3e-04,0,0,TRUE,0,43.4,9,0,1
"88","Niger","Africa",0.502500115,0.556,0.562,0.310089527516016,0.343103955904378,0.346806516579605,0.035,0.842578233324979,40,1,0,0,0.035832422,0.038494086,0,0,0,0,0.034832379,0,0.03389387,0.03703248,0,0.036217058,0,0.03629398,0.024154961,0.037801742,0,0.034616981,0.034001569,0.020077851,0,0,0,0,0,0,0,0.032186099,0.033816947,0.03324769,0.62,0.33,0.67,0,1,1,0,1,1,0,1,0.5,0.5,0,0,0,1,1,1,-1.84882666364614,9,0.992538603,308.173597,NA,0.702,0,0.0354,0.9178,0,0,TRUE,0,37.1,6,0,0
"89","Nigeria","Africa",0.51526993,0.556,0.408,0.348327184613291,0.375861084393164,0.275811730993545,0.09,0.863575702307477,52,1,0,0,0.035832422,0.038494086,0,0,0.030709109,0,0,0.036478606,0.03389387,0,0,0.036217058,0,0.03629398,0,0.037801742,0,0.034616981,0.034001569,0,0,0,0,0,0.035893966,0.025785805,0,0.032186099,0.033816947,0.03324769,0.75,0,0.33,0,1,0,1,0,1,0,0.5,0.5,0.5,0.5,1,1,0,0,1,-1.99198541386135,9,0.77645694,1016.324919,0.867,NA,1,0.421,0.495,0,1e-04,FALSE,0,42,4,0,0
"90","Norway","Europe",0.70229395,0.278,0.295,0.550691822853861,0.217988958545596,0.231319218600543,0.326,0.981157477838939,14,1,0,0,0.035832422,0.038494086,0.035647801,0.032693817,0,0.024693446,0.034832379,0.036478606,0.03389387,0,0,0.036217058,0.033632321,0.03629398,0,0.037801742,0.032678433,0.034616981,0.034001569,0,0,0,0,0.023554932,0.035893966,0.025785805,0,0.032186099,0.033816947,0.03324769,0.62,0.33,0,0,1,1,0,0,0,0,0.5,0,0,0,1,0,0,1,0,-3.97163914612629,194,1.379148346,73170.39891,0.996,0.065,0,0.9018,0.0166,3e-04,0.0021,TRUE,1,24.5,10,1,0
"91","Oman","Asia",0.152760894,0.444,0.125,0.211650278187557,0.615162173083875,0.173187548728568,0.424,0.101975789415336,37,1,0,0,0.035832422,0,0,0,0,0.024693446,0,0,0,0,0,0,0,0,0.024154961,0,0,0,0,0,0,0,0,0,0.035893966,0,0,0.032186099,0,0,0.25,0,0,0,1,0,0,0,0,0,1,0,0,0,1,0,0,1,1,-0.10755825048138,12,7.580034247,13284.63603,0.909,0.311,0,0.0321,0.9278,0,0.002,TRUE,0,NA,-8,0,0
"92","Pakistan","Asia",0.497669126,0.778,0.672,0.255520365012964,0.399451831737872,0.345027803249164,0.126,0.858971188940225,35,1,0.036001665,0.020708647,0.035832422,0,0,0.032693817,0,0.024693446,0.034832379,0,0,0.03703248,0,0.036217058,0.033632321,0.03629398,0,0.037801742,0.032678433,0,0,0,0,0,0,0,0,0,0,0.032186099,0.033816947,0.03324769,0.88,0.67,0.67,0,1,0.5,1,1,1,0,1,0.5,0.5,1,1,0,1,1,1,-1.95879107572,6,3.139595949,956.2976381,0.72,0.575,1,0.017,0.9569,0,6e-04,TRUE,63,34.3,5,0,0
"93","Panama","Americas",0.588180988,0.5,0.546,0.359924018403768,0.305963662330895,0.334112319265337,0.047,0.903751694895521,60,0,0.036001665,0.020708647,0.035832422,0.038494086,0,0,0,0,0,0.036478606,0.03389387,0,0,0,0.033632321,0.03629398,0,0.037801742,0.032678433,0.034616981,0.034001569,0.020077851,0,0.029985998,0,0,0.035893966,0.025785805,0,0.032186099,0.033816947,0,1,0.33,0.33,0.8,1,0,1,0,1,0,0.5,0.5,0,0.5,1,0,1,0,1,-2.3408239152734,36,0,6309.132093,0.989,0.519,0,0.9793,0.0031,0.0015,0.0038,TRUE,0,48.3,9,0,1
"94","Paraguay","Americas",0.598566086,0.444,0.488,0.391074969891891,0.290088748248927,0.318836281859181,0.09,0.784069971734265,72,1,0.036001665,0,0.035832422,0.038494086,0,0,0,0,0,0.036478606,0.03389387,0.03703248,0,0.036217058,0,0.03629398,0.024154961,0.037801742,0,0.034616981,0.034001569,0.020077851,0,0.029985998,0,0,0.035893966,0.025785805,0,0.032186099,0.033816947,0,0.88,0.33,0.67,1,1,0,0,0,1,0,0.5,0.5,0,0.5,0.5,0,1,0.5,0.5,-1.5328008669931,16,0.908778402,2491.373656,0.949,0.498,0,0.91,2e-04,3e-04,8e-04,TRUE,0,46.6,8,0,1
"95","Peru","Americas",0.684139273,0.444,0.754,0.363490249002418,0.235901777498269,0.400607973499313,0.15,0.89124252439063,65,1,0.036001665,0.020708647,0.035832422,0.038494086,0,0,0,0,0.034832379,0,0,0.03703248,0,0.036217058,0.033632321,0.03629398,0.024154961,0.037801742,0.032678433,0.034616981,0.034001569,0.020077851,0,0,0,0,0.035893966,0.025785805,0.030832191,0.032186099,0.033816947,0.03324769,0.88,0.33,1,0,1,1,1,1,1,0.33,1,0,0,0,0.5,0,1,0.5,1,-2.21863487014033,15,1.236217502,3332.12217,0.935,0.4,0,0.96,2e-04,1e-04,3e-04,TRUE,0,48.5,9,0,1
"96","Philippines","Asia",0.619197809,0.611,0.635,0.331974338599494,0.327579196722078,0.340446464678428,0.011,0.862735305702412,58,1,0.036001665,0,0.035832422,0.038494086,0.035647801,0,0.030709109,0,0,0.036478606,0.03389387,0,0,0.036217058,0.033632321,0.03629398,0,0.037801742,0,0.034616981,0.034001569,0,0,0,0,0,0.035893966,0.025785805,0.030832191,0,0.033816947,0.03324769,0.88,0,0.67,0.8,1,0,1,0,1,1,0.5,0.5,0.5,0,1,0,1,1,1,-1.98584414204575,21,1.303655755,2005.089621,0.986,0.451,0,0.9091,0.053,0,0.0011,TRUE,0,40.9,8,0,0
"97","Poland","Europe",0.770789418,0.556,0.7,0.380300691899507,0.274325489891619,0.345373818208873,0.094,0.973066893565674,57,1,0,0.020708647,0.035832422,0.038494086,0.035647801,0.032693817,0.030709109,0,0.034832379,0,0.03389387,0,0,0.036217058,0.033632321,0.03629398,0.024154961,0.037801742,0.032678433,0.034616981,0.034001569,0,0,0,0.023262612,0.023554932,0.035893966,0.025785805,0.030832191,0.032186099,0.033816947,0.03324769,1,0.33,0.67,1,1,1,0,1,1,0,0.5,0.5,0.5,0,0.5,1,1,0,1,-3.61439902662678,11,1.751461236,11968.24764,1.009,0.167,0,0.9423,1e-04,0,1e-04,TRUE,0,31.6,10,1,0
"98","Portugal","Europe",0.653291695,0.5,0.295,0.451077429536734,0.345234321046079,0.203688249417187,0.215,0.972918891073111,84,1,0.036001665,0,0.035832422,0.038494086,0.035647801,0.032693817,0,0,0.034832379,0,0,0.03703248,0,0,0,0.03629398,0,0.037801742,0.032678433,0.034616981,0.034001569,0.020077851,0.018600857,0.029985998,0,0.023554932,0.035893966,0,0,0.032186099,0.033816947,0.03324769,0.62,0.33,0,0,1,0,0,0,1,0,0.5,0,0,1,1,0,0,1,1,-3.60891888174366,32,1.836558719,19679.41581,0.994,0.132,0,0.8324,0.006,2e-04,0.0054,TRUE,0,34,10,1,0
"99","Romania","Europe",0.737880209,0.333,0.433,0.490650920588051,0.221427210762636,0.287921868649313,0.243,0.877634156008269,67,1,0,0.020708647,0.035832422,0.038494086,0.035647801,0.032693817,0,0,0.034832379,0,0.03389387,0.03703248,0,0.036217058,0.033632321,0.03629398,0.024154961,0.037801742,0,0.034616981,0.034001569,0.020077851,0,0.029985998,0.023262612,0.023554932,0.035893966,0,0,0.032186099,0.033816947,0.03324769,1,0.33,0,0,1,1,0,0,1,0,1,0,0,0,0,0,0,1,1,-2.1007400002014,17,1.441220987,8142.659909,0.986,0.358,0,0.982,0.0035,4e-04,0,TRUE,0,33.1,9,1,0
"100","Russia (Soviet Union)","Europe",0.481945323,0.722,0.533,0.277467181389221,0.415672266961739,0.30686055164904,0.126,0.460384191179793,61,1,0,0,0,0.038494086,0,0,0,0,0.034832379,0,0,0,0,0.036217058,0,0,0.024154961,0.037801742,0,0.034616981,0.034001569,0.020077851,0,0.029985998,0,0,0.035893966,0.025785805,0.030832191,0.032186099,0.033816947,0.03324769,1,0,0.33,1,1,1,0,0,1,0,1,0.5,1,0.5,0.5,1,0,1,1,-0.616897857783018,15,3.333946585,9164.113025,1.032,0.311,0,0.7213,0.14,0.0042,0.0122,FALSE,26,36.4,4,1,0
"101","Rwanda","Africa",0.490145702,0.667,0.447,0.305549365864274,0.415797641802989,0.278652992332738,0.126,0.294359193800678,52,1,0,0,0.035832422,0.038494086,0,0,0,0,0.034832379,0,0,0,0.026339678,0.036217058,0.033632321,0.03629398,0.024154961,0,0.032678433,0,0.034001569,0,0,0.029985998,0,0,0.035893966,0.025785805,0,0.032186099,0.033816947,0,0.88,0.33,0.33,0.6,1,0,0,1,0,0.33,1,0.5,1,0.5,1,0,0,1,1,-0.348648944046617,5,0.617234522,398.4587623,0.953,0.438,0,0.8969,0.05,0,0,TRUE,1,47.5,-3,0,0
"102","Senegal","Africa",0.510838961,0.556,0.488,0.328547826375184,0.357593303194825,0.31385887042999,0.039,0.86792030959959,31,1,0,0,0.035832422,0.038494086,0,0,0,0,0.034832379,0,0.03389387,0,0,0.036217058,0.033632321,0.03629398,0,0.037801742,0,0.034616981,0.034001569,0.020077851,0,0,0,0,0.035893966,0,0,0.032186099,0.033816947,0.03324769,0.88,0.33,0.67,0,1,1,0,0,1,0,1,0.5,0.5,0,0,1,0,1,1,-2.02434982340383,7,1.62008381,983.752982,0.864,0.63,0,0.04,0.9365,0,1e-04,TRUE,0,39.4,7,0,0
"103","Sierra Leone","Africa",0.515577639,0.5,0.584,0.322321109291276,0.312582514164541,0.365096376544183,0.048,0.814586972633232,51,1,0,0,0.035832422,0.038494086,0,0.032693817,0,0,0,0.036478606,0.03389387,0,0,0.036217058,0.033632321,0,0,0.037801742,0.032678433,0.034616981,0.034001569,0,0,0.029985998,0,0,0,0,0,0.032186099,0.033816947,0.03324769,0.88,0.33,0.33,0.8,1,0.5,1,0,1,0,0.5,0.5,0.5,1,1,0,0,0,1,-1.68516936204727,12,0.943767272,372.7661171,0.848,0.219,1,0.192,0.5717,0,0,FALSE,0,39.1,7,0,0
"104","Singapore","Asia",0.424034953,0.611,0.547,0.268031342920652,0.386211441688672,0.345757215390677,0.104,0.323309116594291,17,1,0,0.020708647,0,0,0,0.032693817,0,0,0,0,0.03389387,0.03703248,0,0,0.033632321,0.03629398,0.024154961,0.037801742,0.032678433,0,0,0,0,0,0,0,0.035893966,0,0,0.032186099,0.033816947,0.03324769,1,0.67,0,0.8,1,0,1,0,1,0,0.5,1,0,1,1,0,1,0,1,-0.3905407079705,45,3.87778862,32217.08504,0.969,0.661,1,0.1662,0.1452,1e-04,0.3721,FALSE,0,39.5,-2,0,0
"105","Slovakia","Europe",0.735603185,0.556,0.625,0.383805678064758,0.290096564772222,0.32609775716302,0.082,0.936987794675313,71,1,0.036001665,0,0.035832422,0.038494086,0.035647801,0,0,0,0.034832379,0,0.03389387,0.03703248,0,0.036217058,0.033632321,0.03629398,0.024154961,0.037801742,0.032678433,0.034616981,0.034001569,0,0,0.029985998,0,0.023554932,0.035893966,0.025785805,0,0.032186099,0.033816947,0.03324769,0.75,0.33,0.67,1,1,0.5,0,1,1,0,1,0.5,0.5,0.5,1,0,0,0.5,1,-2.76442683604237,16,1.468695942,14933.1678,0.991,0.089,0,0.7996,1e-04,4e-04,0,FALSE,0,25.3,10,1,0
"106","Slovenia","Europe",0.796482918,0.278,0.55,0.490299349518922,0.171131377818526,0.338569272662552,0.277,0.893293953204131,70,1,0.036001665,0,0.035832422,0.038494086,0.035647801,0.032693817,0.030709109,0,0.034832379,0,0.03389387,0.03703248,0,0.036217058,0.033632321,0.03629398,0.024154961,0.037801742,0.032678433,0.034616981,0.034001569,0,0,0.029985998,0.023262612,0.023554932,0.035893966,0,0,0.032186099,0.033816947,0.03324769,1,0.33,0.67,1,1,0.5,0,0,1,0,0.5,0,0,0,0,0,0,1,1,-2.23767745127859,17,1.491916329,22017.60266,1.006,0.198,0,0.7388,0.0274,1e-04,0,FALSE,0,23.6,10,1,0
"107","South Africa","Africa",0.666461533,0.444,0.61,0.387373690266634,0.258070286073638,0.354556023659728,0.116,0.900614338436338,60,1,0.036001665,0.020708647,0.035832422,0.038494086,0.035647801,0,0,0.024693446,0.034832379,0,0.03389387,0.03703248,0,0.036217058,0.033632321,0.03629398,0,0.037801742,0.032678433,0,0.034001569,0,0,0,0,0.023554932,0.035893966,0,0,0.032186099,0.033816947,0.03324769,1,0.33,0.67,0.6,1,0.5,1,0,1,0,0.5,0.5,1,1,1,0,0,0,0,-2.30874742558718,12,1.145843314,4361.517164,0.977,0.125,1,0.8011,0.0158,0.0017,0.0027,TRUE,0,59.7,9,0,0
"108","Spain","Europe",0.754280969,0.389,0.408,0.486231046517789,0.250760505526449,0.263008447955762,0.23,0.971830400192742,55,1,0.036001665,0.020708647,0.035832422,0.038494086,0.035647801,0.032693817,0,0.024693446,0.034832379,0,0.03389387,0.03703248,0,0.036217058,0,0.03629398,0.024154961,0.037801742,0.032678433,0.034616981,0.034001569,0,0,0.029985998,0,0.023554932,0.035893966,0,0,0.032186099,0.033816947,0.03324769,0.75,0.33,0,0,1,1,0,0,1,0,1,0,0,1,0,0,0,0.5,1,-3.56951190353989,30,1.359431118,29066.02447,0.979,0.104,0,0.8383,0.0253,8e-04,2e-04,TRUE,0,32.5,10,1,0
"109","Sri Lanka (Ceylon)","Asia",0.585427022,0.722,0.75,0.284543274556059,0.350923747126716,0.364532978317226,0.074,0.470253043344199,39,1,0,0.020708647,0.035832422,0.038494086,0,0.032693817,0,0,0.034832379,0,0,0.03703248,0.026339678,0,0.033632321,0.03629398,0.024154961,0.037801742,0.032678433,0,0.034001569,0,0,0,0,0,0.035893966,0.025785805,0,0.032186099,0.033816947,0.03324769,1,0.67,0,1,1,0.5,1,1,1,0.33,0.5,1,1,1,1,0,0,1,1,-0.63535582671894,30,3.712169683,1865.866009,0.927,0.401,1,0.08,0.07,0,0.6883,FALSE,2,48.9,6,0,0
"110","Sweden","Europe",0.736326296,0.333,0.308,0.534605560162775,0.241772774517622,0.223621665319603,0.302,0.968149092219735,33,1,0.036001665,0,0.035832422,0.038494086,0.035647801,0.032693817,0,0.024693446,0.034832379,0,0.03389387,0.03703248,0,0.036217058,0.033632321,0.03629398,0,0.037801742,0.032678433,0.034616981,0.034001569,0,0,0,0.023262612,0.023554932,0.035893966,0,0,0.032186099,0.033816947,0.03324769,0.75,0.33,0,0,1,0,0,0,1,0,0.5,0,1,1,0,0,0,0.5,0,-3.44668939563497,34,1.172216664,48692.5428,0.996,0.048,0,0.845,0.0388,0.0021,0.0017,TRUE,0,25,10,1,0
"111","Switzerland","Europe",0.736449369,0.222,0.428,0.531176532996064,0.160121245653652,0.308702221350284,0.323,0.984752557527735,60,1,0,0,0.035832422,0.038494086,0.035647801,0.032693817,0.030709109,0.024693446,0,0.036478606,0.03389387,0.03703248,0.026339678,0.036217058,0.033632321,0.03629398,0.024154961,0.037801742,0,0.034616981,0.034001569,0.020077851,0.018600857,0.029985998,0,0,0,0,0,0.032186099,0.033816947,0.03324769,0.88,0,0,0.4,1,1,0,0,1,0,0,0,0,0,1,0,0,1,0,-4.18334349672979,9,0.740102237,52736.55803,0.984,0.057,0,0.8617,0.042,0.0024,0.0032,TRUE,0,29.5,10,1,0
"112","Syria","Asia",0.3691555,0.389,0.392,0.320961383047771,0.338215136996693,0.340823479955536,0.019,0.0771099525622877,27,1,0,0.020708647,0.035832422,0,0,0,0,0,0.034832379,0,0,0,0,0.036217058,0,0,0,0.037801742,0,0.034616981,0.034001569,0,0,0,0,0,0.035893966,0,0,0.032186099,0.033816947,0.03324769,0.25,0.67,0,0,1,1,0,0,1,0,0.5,0,0,0,1,0,0,1,1,-0.0802451767781673,35,3.552339806,1636.130819,0.834,0.54,0,0.0752,0.91,0,0,TRUE,6,35.3,-7,0,0
"113","Tanzania/Tanganyika","Africa",0.369201655,0.611,0.25,0.300114744196146,0.496666540413653,0.203218715390202,0.259,0.753291803879412,34,1,0,0.020708647,0.035832422,0.038494086,0,0,0,0,0.034832379,0,0.03389387,0,0,0,0,0.03629398,0,0,0,0,0.034001569,0,0,0,0,0,0.035893966,0,0,0.032186099,0.033816947,0.03324769,0.5,0,0,0,1,0,0,0,1,0,0.5,1,1,1,1,0,0,0,1,-1.3995490329724,31,0.708331843,572.7509861,0.922,0.593,1,0.4975,0.3386,0,2e-04,FALSE,0,44.1,-1,0,0
"114","Thailand","Asia",0.608197304,0.611,0.505,0.352742289173653,0.354367796877149,0.292889913949198,0.061,0.600336688796346,60,1,0.036001665,0.020708647,0.035832422,0.038494086,0,0.032693817,0,0.024693446,0.034832379,0,0,0,0,0,0.033632321,0.03629398,0.024154961,0,0.032678433,0.034616981,0.034001569,0,0,0.029985998,0,0,0.035893966,0.025785805,0.030832191,0,0.033816947,0.03324769,0.88,0,0.67,0,1,0.5,0,1,1,0,0.5,0.5,0.5,0.5,1,0,1,0.5,1,-0.917132808311886,1,1.639327463,3453.521754,0.997,0.326,0,0.0056,0.1,0,0.87,TRUE,9,41.6,4,0,0
"115","Togo","Africa",0.472298725,0.389,0.6,0.323204774574754,0.266201559848757,0.410593665576489,0.126,0.808627089429034,46,1,0,0,0.035832422,0,0,0,0,0,0.034832379,0,0,0.03703248,0,0.036217058,0,0,0.024154961,0.037801742,0.032678433,0.034616981,0.034001569,0,0,0.029985998,0,0,0.035893966,0,0,0.032186099,0.033816947,0.03324769,1,0.33,0.67,0,1,1,0,1,1,0,1,0,0.5,0,0,0,1,0,1,-1.65353134304709,16,1.722186244,355.7002807,0.784,0.606,0,0.471,0.137,0,0,FALSE,0,41.5,-4,0,0
"116","Trinidad And Tobago","Americas",0.581319141,0.556,0.433,0.370191718245126,0.3540681543536,0.275740127401275,0.088,0.873845216584074,32,1,0.036001665,0.020708647,0.035832422,0,0,0.032693817,0,0.024693446,0.034832379,0,0.03389387,0,0,0.036217058,0.033632321,0.03629398,0,0,0.032678433,0.034616981,0.034001569,0.020077851,0,0,0,0,0.035893966,0,0,0.032186099,0.033816947,0.03324769,0.5,0.33,0,0,1,0.5,1,0,1,0,1,1,1,0,1,0,0,0,1,-2.07024568613654,32,0.535649778,15064.84929,0.995,0.349,1,0.5827,0.058,5e-04,0.0032,FALSE,0,41.8,10,0,1
"117","Tunisia","Africa",0.285367024,0.556,0.362,0.237140471949645,0.462036925485836,0.300822602564519,0.201,0.240933729311062,16,1,0,0.020708647,0,0,0,0,0,0,0.034832379,0,0,0,0,0.036217058,0,0,0,0,0.032678433,0,0,0,0,0,0,0,0.035893966,0.025785805,0,0.032186099,0.033816947,0.03324769,0.62,0.33,0.67,0,1,1,0,0,0,0,1,0,0,0,1,0,1,1,1,-0.275666192237423,49,1.290573548,3073.331331,0.887,0.32,0,0.0025,0.99,2e-04,0,TRUE,0,38.6,-4,0,0
"118","Turkey/Ottoman Empire","Asia",0.795836728,0.722,0.495,0.395380666960882,0.358697747291901,0.245921585747217,0.135,0.715012762380317,64,1,0.036001665,0.020708647,0.035832422,0.038494086,0,0,0.030709109,0.024693446,0.034832379,0.036478606,0.03389387,0.03703248,0,0.036217058,0.033632321,0.03629398,0.024154961,0.037801742,0,0.034616981,0.034001569,0.020077851,0.018600857,0,0,0,0.035893966,0.025785805,0.030832191,0.032186099,0.033816947,0.03324769,0.62,0.33,1,0,1,NA,1,0,1,0,1,0,0,0.5,1,1,1,1,1,-1.25531087999797,26,2.240844875,9064.980086,0.903,0.418,0,0.0042,0.9864,2e-04,0,TRUE,46,40.9,7,0,0
"119","Uganda","Africa",0.52131636,0.611,0.71,0.282967882888474,0.33164770897437,0.385384408137156,0.089,0.762040952272428,67,1,0,0.020708647,0.035832422,0,0,0,0.030709109,0,0,0.036478606,0.03389387,0,0,0,0.033632321,0.03629398,0.024154961,0.037801742,0.032678433,0,0.034001569,0,0,0.029985998,0,0,0.035893966,0,0,0.032186099,0.033816947,0.03324769,1,0.67,0.33,0.6,1,0.5,1,1,1,0,0.5,0.5,0.5,0.5,0.5,1,1,0,1,-1.43565668848767,13,1.466627521,331.7725142,0.857,0.564,1,0.8023,0.1177,1e-04,1e-04,TRUE,6,41.5,-1,0,0
"120","Ukraine","Europe",0.594965918,0.278,0.5,0.433343544948797,0.2024813554039,0.364175099647302,0.205,0.899212552594074,68,1,0,0,0.035832422,0,0,0.032693817,0.030709109,0,0.034832379,0,0,0,0,0.036217058,0,0.03629398,0.024154961,0.037801742,0,0.034616981,0.034001569,0.020077851,0,0.029985998,0.023262612,0.023554932,0.035893966,0.025785805,0,0.032186099,0.033816947,0.03324769,1,0.33,0.67,1,1,0,0,0,1,0,0.5,0,0,0.5,0.5,0,0,0,1,-2.29474146080245,12,2.557550875,3298.508215,1.008,0.334,0,0.8303,0.0082,0.003,0,TRUE,1,27.7,7,1,0
"121","United Arab Emirates","Asia",0.092173482,0.444,0.388,0.0997361250839266,0.480429279402328,0.419834595513746,0.354,0.163746211757898,28,1,0,0,0.035832422,0,0,0,0,0,0,0,0,0,0,0,0,0,0.024154961,0,0,0,0,0,0,0,0,0,0,0,0,0.032186099,0,0,0.88,0.67,0.33,0,1,0,0,0,1,0,1,0.5,0,1,1,0,0,0.5,0,-0.178823137514561,37,3.668022649,38831.06282,NA,0.23,1,0.0685,0.6425,0,0.002,FALSE,0,38.9,-8,0,0
"122","United Kingdom","Europe",0.802190875,0.333,0.288,0.563656561527631,0.233981264108372,0.202362174363997,0.347,0.968292710336985,13,0,0.036001665,0.020708647,0.035832422,0.038494086,0.035647801,0.032693817,0,0.024693446,0.034832379,0,0.03389387,0.03703248,0.026339678,0.036217058,0.033632321,0.03629398,0,0.037801742,0.032678433,0,0.034001569,0.020077851,0,0,0,0.023554932,0.035893966,0.025785805,0.030832191,0.032186099,0.033816947,0.03324769,0.88,0,0,1,1,0,0,0,0,0,0,1,1,0,1,0,0,0,0,-3.45120866671133,793,2.281905345,40132.92607,0.957,0.172,0,0.6805,0.0376,0.0045,0.0036,FALSE,0,34,10,1,0
"123","United States Of America","Americas",0.681369906,0.167,0.495,0.507209446152354,0.124314233372442,0.368476320475204,0.336,0.968960411229726,32,1,0.036001665,0,0.035832422,0.038494086,0.035647801,0,0.030709109,0,0,0.036478606,0.03389387,0,0,0.036217058,0.033632321,0.03629398,0,0.037801742,0,0.034616981,0.034001569,0,0,0.029985998,0,0,0.035893966,0.025785805,0.030832191,0.032186099,0.033816947,0.03324769,0.62,0,0.33,1,1,1,1,0,0,0,0.5,0.5,0,0,0.5,0,0,0,0,-3.47249183213523,219,4.220041308,40330.50224,0.996,0.242,1,0.7654,0.0091,0.0187,0.0124,FALSE,46,37,10,0,1
"124","Uruguay","Americas",0.6730926,0.5,0.579,0.384164969362921,0.285373044780852,0.330461985856227,0.086,0.977661513015362,52,1,0.036001665,0,0.035832422,0.038494086,0.035647801,0,0.030709109,0,0.034832379,0,0.03389387,0,0,0,0.033632321,0.03629398,0.024154961,0.037801742,0,0.034616981,0.034001569,0.020077851,0.018600857,0.029985998,0,0,0.035893966,0.025785805,0.030832191,0.032186099,0.033816947,0,1,0.33,0.33,0.8,1,0,0,1,1,0.33,0.5,0,0,1,0.5,0,1,0.5,1,-3.80144421437421,23,1.869524688,7793.954419,1.005,0.325,0,0.8183,3e-04,0.003,0,TRUE,0,41.1,10,0,1
"125","Venezuela","Americas",0.602827822,0.5,0.333,0.419846873534116,0.348231168346869,0.231921958119015,0.164,0.585956388719566,78,1,0,0,0.035832422,0.038494086,0.035647801,0,0,0,0,0,0.03389387,0.03703248,0,0.036217058,0.033632321,0.03629398,0.024154961,0.037801742,0,0.034616981,0.034001569,0.020077851,0,0.029985998,0,0,0.035893966,0,0,0.032186099,0.033816947,0.03324769,1,0.33,0,1,0,0,0,0,1,0,1,0,0,0,1,0,1,0.5,1,-0.881783969447736,9,1.793552852,10317.91426,1.025,0.474,0,0.9436,0.0011,6e-04,4e-04,TRUE,3,39.1,5,0,1
"126","Vietnam, Democratic Republic Of","Asia",0.554056346,0.444,0.254,0.442517102181598,0.354616628411706,0.202866269406696,0.21,0.226869486952163,44,1,0.036001665,0.020708647,0.035832422,0.038494086,0,0,0.030709109,0,0,0.036478606,0,0.03703248,0,0.036217058,0,0,0.024154961,0.037801742,0.032678433,0.034616981,0.034001569,0.020077851,0,0,0,0,0,0,0,0.032186099,0.033816947,0.03324769,0.88,0.33,0.33,0,1,0,0,0,0,0,0.5,0,0,0.5,1,1,0,1,0,-0.257307404998611,16,2.156372927,914.4208433,0.992,0.33,0,0.1003,0.0011,0,0.5,FALSE,0,37.4,-7,0,0
"127","Yugoslavia (Serbia)","Europe",0.710294322,0.222,0.475,0.504723362338699,0.157749517303886,0.337527120357415,0.301,0.845133056980858,83,1,0,0,0.035832422,0.038494086,0,0.032693817,0.030709109,0,0.034832379,0,0.03389387,0.03703248,0,0.036217058,0.033632321,0.03629398,0.024154961,0.037801742,0.032678433,0,0.034001569,0.020077851,0,0.029985998,0.023262612,0.023554932,0.035893966,0,0,0.032186099,0.033816947,0.03324769,0.75,0.33,0.67,0,1,0,0,1,1,0,0.5,0,0,0.5,0,0,1,0,0,-1.86518896286132,2,2.256683381,5423.152581,0.97,0.57,0,0.9171,0.032,1e-04,0,TRUE,0,34.2,8,1,0
"128","Zambia","Africa",0.346492912,0.5,0.328,0.295014902567586,0.425715638546144,0.27926945888627,0.139,0.78028548203448,46,1,0,0.020708647,0,0,0,0,0,0,0,0,0.03389387,0,0,0,0.033632321,0.03629398,0.024154961,0,0.032678433,0,0,0,0,0.029985998,0,0,0.035893966,0,0,0.032186099,0.033816947,0.03324769,0.62,0.33,0.33,0,1,0,1,0,0,0,0.5,0.5,0,0.5,1,0,1,0,1,-1.51542622091219,17,2.080205965,955.8410586,0.906,0.568,1,0.87,0.0055,1e-04,3e-04,TRUE,0,53.5,7,0,0
