Series Name,Series Code,country,Country Code,income2003,income2004,income2005,income2006,income2007,income2008,income2009,income2010,income2011,income2012,income2013,income2014,income2015,income2016,income2017
Adjusted net national income per capita (current US$),NY.ADJ.NNTY.PC.CD,Afghanistan,AFG,178.7278286,196.2033073,225.8024087,245.1504347,331.3311468,331.2333936,395.5745372,486.9881116,535.3402774,590.4674934,559.2339402,548.5370949,494.3016296,489.7847414,..
Adjusted net national income per capita (current US$),NY.ADJ.NNTY.PC.CD,Albania,ALB,1784.39647,2274.730598,2535.164806,2838.874385,3343.591615,3961.319155,3622.890286,3530.054028,3850.766176,3641.192766,3866.501647,3937.222372,3458.725714,3606.903851,..
Adjusted net national income per capita (current US$),NY.ADJ.NNTY.PC.CD,Algeria,DZA,1678.277605,2031.088981,2289.3062,2555.159283,3022.933804,3767.579583,3121.216402,3644.312028,4312.861225,4418.975672,4350.827761,4342.420307,3396.913441,3104.118296,..
Adjusted net national income per capita (current US$),NY.ADJ.NNTY.PC.CD,American Samoa,ASM,..,..,..,..,..,..,..,..,..,..,..,..,..,..,..
Adjusted net national income per capita (current US$),NY.ADJ.NNTY.PC.CD,Andorra,AND,..,..,..,..,..,..,..,..,..,..,..,..,..,..,..
Adjusted net national income per capita (current US$),NY.ADJ.NNTY.PC.CD,Angola,AGO,267.7905839,281.2759143,226.4059786,453.7575313,629.2704433,251.732843,902.6093382,1095.241414,1217.678006,1486.53816,1854.945538,2090.854918,2062.99344,1777.44841,..
Adjusted net national income per capita (current US$),NY.ADJ.NNTY.PC.CD,Antigua and Barbuda,ATG,..,..,..,..,..,..,..,..,..,..,..,..,..,..,..
Adjusted net national income per capita (current US$),NY.ADJ.NNTY.PC.CD,Argentina,ARG,2623.057437,3412.951267,4170.523921,4867.422377,6076.359978,7546.595522,6922.963679,8751.992106,10930.02742,11189.26628,11216.58141,10536.78314,11728.03506,10729.86488,..
Adjusted net national income per capita (current US$),NY.ADJ.NNTY.PC.CD,Armenia,ARM,815.8932442,1047.910412,1475.618612,1959.619521,2886.462806,3741.633093,2723.483014,2918.110539,3143.545827,3280.341004,3514.236835,3589.730537,3173.764425,3087.80998,..
Adjusted net national income per capita (current US$),NY.ADJ.NNTY.PC.CD,Aruba,ABW,..,..,..,..,..,..,..,..,..,..,..,..,..,..,..
Adjusted net national income per capita (current US$),NY.ADJ.NNTY.PC.CD,Australia,AUS,18733.2653,24188.98334,26373.8515,27718.12127,30947.38261,37468.94844,33066.27603,39898.81568,47596.45431,52383.77787,52646.40155,47779.62345,44026.95589,38859.32258,..
Adjusted net national income per capita (current US$),NY.ADJ.NNTY.PC.CD,Austria,AUT,26670.99073,30566.14259,31853.4044,33972.02796,39120.49479,43481.22452,39513.90033,39008.18009,42588.85128,39997.00016,41697.6759,42397.79623,35926.94511,36635.90191,..
Adjusted net national income per capita (current US$),NY.ADJ.NNTY.PC.CD,Azerbaijan,AZE,643.9447026,738.0923032,944.2377909,1322.077303,2048.954751,3307.213068,3405.003948,3920.787338,4639.036392,5151.252263,5774.793989,6106.651009,4478.772902,2874.761195,..
Adjusted net national income per capita (current US$),NY.ADJ.NNTY.PC.CD,"Bahamas, The",BHS,20257.47894,20243.10041,21332.29232,21434.33563,22010.29822,21739.26845,20039.73021,19702.64889,19385.31679,26250.40882,25507.69552,25175.36885,25421.23455,24603.44141,..
Adjusted net national income per capita (current US$),NY.ADJ.NNTY.PC.CD,Bahrain,BHR,11896.05093,13356.98194,15457.08645,16666.04746,18387.62578,19699.67369,15398.51324,16772.50217,17231.37658,17800.8709,18595.28324,17677.63418,19133.78273,18906.70514,..
Adjusted net national income per capita (current US$),NY.ADJ.NNTY.PC.CD,Bangladesh,BGD,413.5135713,441.9128798,463.649568,472.5038319,521.8356013,601.6744913,669.6691423,745.5683099,819.295655,844.3153987,936.8745548,1052.568076,1173.701486,1310.147752,..
Adjusted net national income per capita (current US$),NY.ADJ.NNTY.PC.CD,Barbados,BRB,10465.69543,11067.64106,12077.47655,12896.56375,13843.19969,13945.35463,13526.96527,13796.18079,13598.25827,13943.50754,13827.85988,13770.25978,13618.16642,13396.92647,..
Adjusted net national income per capita (current US$),NY.ADJ.NNTY.PC.CD,Belarus,BLR,1613.540029,2124.235399,2795.051735,3429.683697,4205.745094,5684.19513,4561.687932,5364.951313,5802.182087,6169.451771,7005.548989,7335.552642,5170.602471,4297.007633,..
Adjusted net national income per capita (current US$),NY.ADJ.NNTY.PC.CD,Belgium,BEL,25914.54229,29889.28005,30897.31463,32397.5374,36996.74767,40502.6465,36229.76261,37235.18674,38914.50255,37016.7462,38156.63714,38455.06984,32465.9008,33307.82187,..
Adjusted net national income per capita (current US$),NY.ADJ.NNTY.PC.CD,Belize,BLZ,2811.262583,2849.352001,2944.456038,3038.585775,3010.324122,3006.606998,3131.311036,2984.17016,3220.028656,3386.519104,3435.408215,3616.47032,3799.852311,3676.390327,..
Adjusted net national income per capita (current US$),NY.ADJ.NNTY.PC.CD,Benin,BEN,440.6639937,498.0926034,517.4235682,534.0922979,598.251976,697.5054499,668.8030935,637.3324269,697.1910401,702.2339721,765.8471086,789.7306315,655.3282937,656.8480076,..
Adjusted net national income per capita (current US$),NY.ADJ.NNTY.PC.CD,Bermuda,BMU,..,..,..,..,..,..,..,..,..,..,..,..,..,..,..
Adjusted net national income per capita (current US$),NY.ADJ.NNTY.PC.CD,Bhutan,BTN,884.7040507,974.2946459,1119.245565,1204.108241,1537.661603,1561.28301,1521.717516,1819.062355,2045.177633,1991.577434,1963.039645,2090.299449,2111.908139,2199.245689,..
Adjusted net national income per capita (current US$),NY.ADJ.NNTY.PC.CD,Bolivia,BOL,797.0955824,819.0718612,846.4411293,961.7265486,1063.340964,1379.241132,1452.926703,1588.682051,1833.53147,1985.488624,2210.85072,2355.333949,2484.49573,2528.416882,..
Adjusted net national income per capita (current US$),NY.ADJ.NNTY.PC.CD,Bosnia-Herzegovina,BIH,2197.431468,2559.1524,2826.941838,3188.464362,3823.543667,4665.769962,4316.488722,4106.108982,4402.58328,4068.267369,4416.739575,4520.222856,3968.588752,4130.211149,..
Adjusted net national income per capita (current US$),NY.ADJ.NNTY.PC.CD,Botswana,BWA,2977.459351,3401.097102,3879.613731,3761.713166,3977.023927,3927.337842,3590.181833,4584.725307,5998.170866,5477.9511,5266.123678,5683.762088,5054.856567,5319.268914,..
Adjusted net national income per capita (current US$),NY.ADJ.NNTY.PC.CD,Brazil,BRA,2537.941442,2992.162371,3926.943416,4806.548114,5959.909673,7074.714332,7067.617545,9348.34907,10958.89728,10326.03682,10403.02574,10151.54307,7460.856524,7352.156644,..
Adjusted net national income per capita (current US$),NY.ADJ.NNTY.PC.CD,British Virgin Islands,VGB,..,..,..,..,..,..,..,..,..,..,..,..,..,..,..
Adjusted net national income per capita (current US$),NY.ADJ.NNTY.PC.CD,Brunei,BRN,14237.76728,16314.50432,18309.94182,21457.76028,24708.07224,28210.66203,22196.89945,26986.31109,32317.71757,33825.00956,33921.88585,32949.55001,27860.13618,24809.20786,..
Adjusted net national income per capita (current US$),NY.ADJ.NNTY.PC.CD,Bulgaria,BGR,2357.318871,2924.887065,3318.319867,3704.607827,4634.186657,5974.134123,5802.643819,5580.350044,6348.5047,6166.983226,6391.005104,6563.615172,5797.339762,6326.075104,..
Adjusted net national income per capita (current US$),NY.ADJ.NNTY.PC.CD,Burkina Faso (Upper Volta),BFA,302.797157,333.0532679,360.5943472,372.3292803,411.5941779,484.388182,460.7097828,454.6326324,500.947465,517.3814354,541.5344086,534.5250763,414.9702197,455.1429818,..
Adjusted net national income per capita (current US$),NY.ADJ.NNTY.PC.CD,Burundi,BDI,47.89412899,65.39179479,84.44038286,101.478384,90.89441984,104.2494517,114.0856727,146.8217194,166.0249831,190.1259639,205.5235575,232.1525767,217.507403,201.7006078,..
Adjusted net national income per capita (current US$),NY.ADJ.NNTY.PC.CD,Cabo Verde,CPV,1449.61899,1619.494656,1617.736908,1793.656823,2488.565294,2867.653941,2682.417536,2504.829928,2790.987746,2540.035238,2585.151965,2602.397711,2201.208052,2178.452293,..
Adjusted net national income per capita (current US$),NY.ADJ.NNTY.PC.CD,Cambodia,KHM,317.6004532,354.6120302,413.0664983,467.0986549,547.5172646,639.2259931,622.133658,660.5672392,742.8323291,801.2540333,867.1091008,915.8701657,968.7968726,1055.949382,..
Adjusted net national income per capita (current US$),NY.ADJ.NNTY.PC.CD,Cameroon,CMR,734.5373578,861.4965324,843.1374587,890.6815487,986.6790814,1109.900387,1132.438228,1083.684185,1166.297325,1112.605904,1206.355205,1299.661555,1141.000777,1147.990182,..
Adjusted net national income per capita (current US$),NY.ADJ.NNTY.PC.CD,Canada,CAN,22739.42628,25719.14715,29198.05569,32738.2629,36144.48122,37446.48609,32755.17682,38420.52289,42334.71121,42665.25597,42676.46837,41039.8936,35175.18898,34229.19363,..
Adjusted net national income per capita (current US$),NY.ADJ.NNTY.PC.CD,Cayman Islands,CYM,..,..,..,..,..,..,..,..,..,..,..,..,..,..,..
Adjusted net national income per capita (current US$),NY.ADJ.NNTY.PC.CD,Central African Republic,CAF,266.1884271,289.8118616,301.2658002,322.8337751,366.6922185,416.4112721,409.3522569,405.9188569,444.8297818,427.9366389,275.792659,313.5274499,281.7643892,299.1270511,..
Adjusted net national income per capita (current US$),NY.ADJ.NNTY.PC.CD,Chad,TCD,206.2033918,224.0344199,352.2797019,383.5744289,465.3153107,517.6730597,615.3012173,675.5592318,702.3839406,712.9833794,739.107343,777.6412848,632.9482889,535.6767783,..
Adjusted net national income per capita (current US$),NY.ADJ.NNTY.PC.CD,Channel Islands,CHI,..,..,..,..,..,..,..,..,..,..,..,..,..,..,..
Adjusted net national income per capita (current US$),NY.ADJ.NNTY.PC.CD,Chile,CHL,3708.429785,4501.593266,5456.778969,6030.128683,6822.999575,7468.454107,7428.571049,9191.857509,10635.15936,11484.20948,12058.79192,11349.82989,10725.58664,10860.15443,..
Adjusted net national income per capita (current US$),NY.ADJ.NNTY.PC.CD,China,CHN,1128.268345,1298.870097,1488.339614,1772.994629,2256.343123,2809.237884,3192.419187,3670.49174,4382.443555,5007.502476,5520.334252,6064.120073,6352.626327,6309.001584,..
Adjusted net national income per capita (current US$),NY.ADJ.NNTY.PC.CD,Colombia,COL,1812.686478,2201.281478,2699.821776,2936.431593,3732.661895,4269.024533,4158.912948,4986.449737,5574.162914,6163.536455,6341.800862,6297.218084,5033.500039,4820.328527,..
Adjusted net national income per capita (current US$),NY.ADJ.NNTY.PC.CD,Comoros,COM,477.8035053,541.0019182,546.4733118,569.1559379,635.3271227,697.1860846,679.3595437,679.2656867,740.897679,707.728029,756.682723,778.2006616,666.2781844,716.0222934,..
Adjusted net national income per capita (current US$),NY.ADJ.NNTY.PC.CD,"Congo, Democratic Republic Of (Zaire)",COD,139.4293178,154.8488172,171.0778281,182.5299215,194.5960588,210.9201547,197.6609344,227.6536776,239.5048315,265.7267308,293.1247636,317.4481609,345.7129665,331.9769405,..
Adjusted net national income per capita (current US$),NY.ADJ.NNTY.PC.CD,Congo,COG,284.706883,226.2914134,118.5968852,71.90918078,310.1970571,502.8055055,630.0841181,510.5479731,310.8824289,456.5583611,801.9341358,1019.359399,1114.34038,900.8803572,..
Adjusted net national income per capita (current US$),NY.ADJ.NNTY.PC.CD,Costa Rica,CRI,3708.715663,3953.545436,4211.706213,4735.303287,5552.425736,6321.029832,6141.526112,7373.219044,8270.957192,9011.537203,9486.740664,9504.345267,10169.66813,10441.63356,..
Adjusted net national income per capita (current US$),NY.ADJ.NNTY.PC.CD,Cote D'Ivoire,CIV,696.434671,771.5008722,830.1603097,829.9331234,946.0524815,1100.602702,1104.223249,1102.77322,1073.396017,1135.53436,1280.714333,1457.573376,1320.050528,1406.311247,..
Adjusted net national income per capita (current US$),NY.ADJ.NNTY.PC.CD,Croatia,HRV,6247.218558,7595.231346,8460.31179,9359.599181,11209.74974,13019.49416,11341.05032,10885.31936,11781.27703,10697.28618,11164.43134,11101.3359,9681.344737,9685.729067,..
Adjusted net national income per capita (current US$),NY.ADJ.NNTY.PC.CD,Cuba,CUB,2770.693545,2922.995713,3262.328185,4038.75275,4356.384049,4573.175174,4675.60005,4803.673809,5150.745586,5475.437405,5791.98897,..,..,..,..
Adjusted net national income per capita (current US$),NY.ADJ.NNTY.PC.CD,Curacao,CUW,..,..,..,..,..,..,..,..,..,..,..,..,..,..,..
Adjusted net national income per capita (current US$),NY.ADJ.NNTY.PC.CD,Cyprus,CYP,17313.27519,20300.52014,21456.45427,22947.14218,27282.98154,30567.40037,27902.68417,26229.72467,28352.27084,24504.54817,22868.23173,22509.96222,19572.21828,..,..
Adjusted net national income per capita (current US$),NY.ADJ.NNTY.PC.CD,Czech Republic,CZE,7290.524354,8654.307557,9957.420748,11167.46717,13473.42444,16506.80552,14055.96354,14052.99286,15359.37102,14203.59613,14308.53317,..,..,..,..
Adjusted net national income per capita (current US$),NY.ADJ.NNTY.PC.CD,Denmark,DNK,32800.68937,38159.93202,40185.3825,43160.01577,47972.02519,52254.46688,47601.99159,48078.04986,51336.79878,48758.08713,51911.26527,53696.20432,45583.10194,45727.88997,..
Adjusted net national income per capita (current US$),NY.ADJ.NNTY.PC.CD,Djibouti,DJI,827.2360281,884.0248089,921.4016446,..,..,..,..,..,..,..,..,..,..,..,..
Adjusted net national income per capita (current US$),NY.ADJ.NNTY.PC.CD,Dominica,DMA,4287.386832,4490.239871,4445.655444,4861.88068,5155.707406,5618.485294,5907.722883,5977.210413,5816.064345,5413.279574,5416.245284,5674.979375,5691.329158,6089.319441,..
Adjusted net national income per capita (current US$),NY.ADJ.NNTY.PC.CD,Dominican Republic,DOM,2026.620418,2049.614867,3267.53529,3400.811638,4089.085158,4579.156844,4556.190691,4996.474133,5235.771485,5408.73482,5363.774425,5569.050304,5800.164684,5976.007944,..
Adjusted net national income per capita (current US$),NY.ADJ.NNTY.PC.CD,Ecuador,ECU,1960.640674,2090.351907,2264.049919,2464.428168,2634.054486,3263.527529,3449.233373,3683.597336,4083.63702,4539.552974,4869.471137,5113.108374,5101.469859,4937.909444,..
Adjusted net national income per capita (current US$),NY.ADJ.NNTY.PC.CD,Egypt,EGY,994.8582002,904.607157,980.0266761,1163.742992,1404.660271,1675.276548,2012.341593,2226.879758,2284.189669,2693.433294,2732.426515,2862.431588,3183.980788,3126.719992,..
Adjusted net national income per capita (current US$),NY.ADJ.NNTY.PC.CD,El Salvador,SLV,2318.133824,2410.982768,2601.478351,2813.908038,3027.048317,3211.16682,3042.633959,3145.563828,3393.40842,3371.152175,3406.267748,3475.846835,3571.960113,3609.123279,..
Adjusted net national income per capita (current US$),NY.ADJ.NNTY.PC.CD,Equatorial Guinea,GNQ,..,..,..,1725.206487,4287.731365,5390.37681,4972.052229,2930.218262,4094.783199,4598.915358,5438.137375,6111.873722,4631.198156,3983.823384,..
Adjusted net national income per capita (current US$),NY.ADJ.NNTY.PC.CD,Eritrea,ERI,197.4215669,246.2899017,240.735049,261.8275094,275.6042915,278.2773549,376.3830453,422.9302236,433.3617799,..,..,..,..,..,..
Adjusted net national income per capita (current US$),NY.ADJ.NNTY.PC.CD,Estonia,EST,5881.278123,7259.771537,8608.35112,10332.18424,13322.16815,14574.16854,11779.59222,11456.55768,13948.83105,14045.83418,15614.61215,16250.93293,14031.63889,14570.40909,..
Adjusted net national income per capita (current US$),NY.ADJ.NNTY.PC.CD,Eswatini,SWZ,1713.019064,2201.364095,2669.242171,2575.244486,2675.976939,2448.103555,2557.919934,3012.043925,3391.491325,3331.732633,3149.255951,2936.201361,2659.162118,2381.911943,..
Adjusted net national income per capita (current US$),NY.ADJ.NNTY.PC.CD,Ethiopia,ETH,72.4253277,92.38948008,116.616682,143.1588719,175.3932832,243.9651901,286.684649,258.8923602,263.5695613,351.9681598,375.9444807,432.5521467,482.5649109,522.8082799,..
Adjusted net national income per capita (current US$),NY.ADJ.NNTY.PC.CD,Faroe Islands,FRO,..,..,..,..,..,..,..,..,..,..,..,..,..,..,..
Adjusted net national income per capita (current US$),NY.ADJ.NNTY.PC.CD,Fiji,FJI,2548.702717,3028.218316,3382.82202,3269.257095,3644.623019,3745.81965,3073.447005,3221.28761,3686.372489,3818.902124,4136.444051,4217.076917,4131.984274,4353.991443,..
Adjusted net national income per capita (current US$),NY.ADJ.NNTY.PC.CD,Finland,FIN,26960.6456,31382.62204,32253.89832,34239.89861,40016.77426,43814.88662,38473.83886,38004.84294,41400.79917,38447.28938,40167.71737,40694.91148,34699.89787,35599.95265,..
Adjusted net national income per capita (current US$),NY.ADJ.NNTY.PC.CD,France,FRA,25370.13118,28989.06782,29858.36279,31271.29466,35578.56437,38593.13167,34943.60285,34316.34365,37000.22989,34042.09986,35465.64535,35823.71835,30555.56233,30815.89693,..
Adjusted net national income per capita (current US$),NY.ADJ.NNTY.PC.CD,French Polynesia,PYF,..,..,..,..,..,..,..,..,..,..,..,..,..,..,..
Adjusted net national income per capita (current US$),NY.ADJ.NNTY.PC.CD,Gabon,GAB,3019.79473,3059.30373,3586.856782,3647.863998,3990.631521,4546.377243,4493.46964,4509.270505,4970.009561,4929.373865,5298.872844,6149.64139,5213.817155,5067.019794,..
Adjusted net national income per capita (current US$),NY.ADJ.NNTY.PC.CD,"Gambia, The",GMB,267.1817756,320.9545591,331.6089808,329.6982001,383.5045799,444.5682063,394.5944935,405.4965087,348.6734965,333.604605,325.4983251,293.8836005,305.4334251,318.7901699,..
Adjusted net national income per capita (current US$),NY.ADJ.NNTY.PC.CD,Georgia,GEO,824.9893689,1100.266047,1392.310138,1726.055025,2254.827024,2824.459366,2400.608881,2536.376962,3148.743338,3621.873753,3712.354971,3904.713718,3250.060804,3252.226718,..
Adjusted net national income per capita (current US$),NY.ADJ.NNTY.PC.CD,German Federal Republic,DEU,24891.97346,28579.76626,29054.0424,30908.89167,35363.00152,38228.39627,34992.91993,35136.96524,39716.36333,37201.94023,39224.36542,40440.41913,34795.64069,35517.59898,..
Adjusted net national income per capita (current US$),NY.ADJ.NNTY.PC.CD,Ghana,GHA,296.0358492,339.6783014,402.839923,763.0538201,878.9900993,968.2842242,838.3300015,992.3857034,1116.138483,1078.600205,1234.522351,897.6137402,874.5849703,952.5847209,..
Adjusted net national income per capita (current US$),NY.ADJ.NNTY.PC.CD,Gibraltar,GIB,..,..,..,..,..,..,..,..,..,..,..,..,..,..,..
Adjusted net national income per capita (current US$),NY.ADJ.NNTY.PC.CD,Greece,GRC,15753.59559,18572.90887,19305.06064,20761.3621,23873.03972,26182.9617,24321.6775,21816.31615,20535.86226,18054.56315,17595.20834,17755.50337,14620.27469,14275.27238,..
Adjusted net national income per capita (current US$),NY.ADJ.NNTY.PC.CD,Greenland,GRL,..,..,..,..,..,..,..,..,..,..,..,..,..,..,..
Adjusted net national income per capita (current US$),NY.ADJ.NNTY.PC.CD,Grenada,GRD,..,..,..,..,..,..,..,..,..,..,..,..,..,..,..
Adjusted net national income per capita (current US$),NY.ADJ.NNTY.PC.CD,Guam,GUM,..,..,..,..,..,..,..,..,..,..,..,..,..,..,..
Adjusted net national income per capita (current US$),NY.ADJ.NNTY.PC.CD,Guatemala,GTM,1555.318007,1654.746338,1826.169015,1956.967178,2133.191208,2371.943846,2230.445336,2361.934751,2652.640491,2773.843101,2909.88452,3082.311989,3302.934784,3486.993883,..
Adjusted net national income per capita (current US$),NY.ADJ.NNTY.PC.CD,Guinea,GIN,276.1970272,297.9532187,223.0103349,329.4063423,494.795589,503.1612011,457.2648461,457.4658275,430.6606649,461.7140538,534.7067164,552.5203966,532.9799359,463.9623429,..
Adjusted net national income per capita (current US$),NY.ADJ.NNTY.PC.CD,Guinea-Bissau,GNB,306.2555827,340.146682,366.3785756,361.7676052,404.3756379,483.2722843,445.0927091,459.4986139,596.5932328,503.9285283,504.3357736,536.2931657,481.935018,496.1643704,..
Adjusted net national income per capita (current US$),NY.ADJ.NNTY.PC.CD,Guyana,GUY,884.6656467,854.0954992,993.2640324,1925.699861,2278.043718,2404.953499,2534.365238,2670.881118,2904.600952,3124.526546,3302.401185,3527.199607,3628.251884,3949.419208,..
Adjusted net national income per capita (current US$),NY.ADJ.NNTY.PC.CD,Haiti,HTI,317.8581627,372.6468484,444.4553972,483.4732079,587.9897551,640.8350198,635.9825495,625.4693846,703.9064743,729.1454175,766.0837643,782.5089418,766.2347292,693.8855852,..
Adjusted net national income per capita (current US$),NY.ADJ.NNTY.PC.CD,Honduras,HND,1039.48576,1081.826642,1167.42805,1269.4105,1434.741571,1569.548079,1612.022973,1695.727965,1852.615321,1881.029119,1829.354398,1895.809771,2019.976905,2049.157909,..
Adjusted net national income per capita (current US$),NY.ADJ.NNTY.PC.CD,"Hong Kong SAR, China",HKG,..,..,..,..,..,..,..,..,..,..,..,..,..,..,..
Adjusted net national income per capita (current US$),NY.ADJ.NNTY.PC.CD,Hungary,HUN,6630.525719,8081.191856,8787.796214,8963.115279,10670.456,12121.17631,10024.61651,10030.04468,10820.39217,9907.308477,10791.43549,11075.52077,9650.375043,9991.238563,..
Adjusted net national income per capita (current US$),NY.ADJ.NNTY.PC.CD,Iceland,ISL,..,..,..,..,..,..,..,..,32357.58163,32539.74944,39394.47313,43434.44821,42822.46834,52292.77074,..
Adjusted net national income per capita (current US$),NY.ADJ.NNTY.PC.CD,India,IND,471.6933595,546.3320499,619.2248521,690.6079293,888.3815477,851.0608475,955.8646067,1159.451205,1259.542638,1248.451734,1254.241915,1366.025674,1380.033125,1461.624029,..
Adjusted net national income per capita (current US$),NY.ADJ.NNTY.PC.CD,Indonesia,IDN,774.1453341,813.9024482,873.8561792,1113.796107,1302.747335,1521.41279,1651.192943,2329.729458,2689.267957,2754.319172,2716.790055,2638.915489,2566.413927,2817.018334,..
Adjusted net national income per capita (current US$),NY.ADJ.NNTY.PC.CD,Iran (Persia),IRN,1759.552417,2138.296625,2500.028915,2873.351972,3824.609428,4308.47724,4538.801333,5338.755915,6236.743829,6214.783345,4626.140467,4247.951551,3775.739095,3966.682246,..
Adjusted net national income per capita (current US$),NY.ADJ.NNTY.PC.CD,Iraq,IRQ,..,1015.252086,1388.059966,1807.130625,2470.563129,3669.26831,3104.028617,3613.212083,4438.850775,5188.88328,5436.327159,5181.25709,3871.774428,3398.083184,..
Adjusted net national income per capita (current US$),NY.ADJ.NNTY.PC.CD,Ireland,IRL,30390.16964,34990.77324,37010.01781,39276.9517,44076.51337,44216.54011,35703.56885,33438.81743,34634.89484,32492.04205,35796.55095,38413.06302,34338.56523,37783.76585,..
Adjusted net national income per capita (current US$),NY.ADJ.NNTY.PC.CD,Isle of Man,IMN,..,..,..,..,..,..,..,..,..,..,..,..,..,..,..
Adjusted net national income per capita (current US$),NY.ADJ.NNTY.PC.CD,Israel,ISR,15385.75077,16207.26474,17157.75255,18402.83448,21113.6968,24603.6064,23042.008,25869.25984,28718.0566,27298.77572,30778.48367,32271.99209,30683.48101,31884.84708,..
Adjusted net national income per capita (current US$),NY.ADJ.NNTY.PC.CD,Italy/Sardinia,ITA,23084.75714,26342.50856,27009.72757,28285.11249,31759.15221,33620.52585,30570.72324,29492.91265,31407.04848,28352.85333,28757.98649,28897.58163,24539.27276,25262.38461,..
Adjusted net national income per capita (current US$),NY.ADJ.NNTY.PC.CD,Jamaica,JAM,2984.144356,3214.463057,3509.717609,3734.580082,3991.950052,4293.628373,3700.009108,4124.436338,4528.606723,4720.178942,4482.45214,4357.279394,4394.195502,4226.222195,..
Adjusted net national income per capita (current US$),NY.ADJ.NNTY.PC.CD,Japan,JPN,27559.5367,30039.1657,29741.02082,28339.62771,28276.00391,30965.21121,31695.25179,35066.92354,38101.78272,38602.86861,32487.2001,30690.23136,28061.8243,31117.79901,..
Adjusted net national income per capita (current US$),NY.ADJ.NNTY.PC.CD,Jordan,JOR,1711.966106,1897.157806,2032.688997,2373.538937,2588.44032,3142.500152,3249.910753,3323.350027,3431.018537,3478.776892,3594.631996,3654.281535,3677.082783,3686.181272,..
Adjusted net national income per capita (current US$),NY.ADJ.NNTY.PC.CD,Kazakhstan,KAZ,1376.523335,1803.044377,2131.930601,2929.008724,4360.140973,5286.994908,4859.659696,5784.504419,7204.746447,8037.966184,9612.721992,8918.424217,8033.355099,5470.227081,..
Adjusted net national income per capita (current US$),NY.ADJ.NNTY.PC.CD,Kenya,KEN,342.6189265,366.3582313,423.8654459,579.8506157,695.1797329,765.3323387,767.6062163,811.1815005,834.5589071,970.8355879,1034.175221,1101.109114,1121.070784,1225.77149,..
Adjusted net national income per capita (current US$),NY.ADJ.NNTY.PC.CD,Kiribati,KIR,1434.988906,1607.270763,1625.018673,1586.798688,1761.330079,1914.12202,1682.886731,2031.719721,2174.026124,2394.263614,2542.239592,2960.026952,2874.560919,2139.200482,..
Adjusted net national income per capita (current US$),NY.ADJ.NNTY.PC.CD,"Korea, Dem. People’s Rep.",PRK,..,..,..,..,..,..,..,..,..,..,..,..,..,..,..
Adjusted net national income per capita (current US$),NY.ADJ.NNTY.PC.CD,"Korea, Republic Of",KOR,11720.85018,13135.82438,15271.76768,17190.75916,19054.84494,16672.3764,14725.78027,18055.97722,19659.88698,19878.8787,21018.30632,22446.48602,21881.35335,22172.11307,..
Adjusted net national income per capita (current US$),NY.ADJ.NNTY.PC.CD,Kosovo,XKX,..,..,..,..,..,..,..,..,..,..,..,..,..,..,..
Adjusted net national income per capita (current US$),NY.ADJ.NNTY.PC.CD,Kuwait,KWT,19830.95334,24786.83322,31636.67868,39264.11981,42553.16144,48801.43297,34977.90496,34427.2205,40923.6279,43467.14898,41802.6871,38379.06999,27112.10983,24852.10652,..
Adjusted net national income per capita (current US$),NY.ADJ.NNTY.PC.CD,Kyrgyz Republic,KGZ,317.3980241,355.7963256,409.502802,479.6699699,646.3866823,787.7809958,703.8047093,664.6557804,805.5106428,958.3363092,945.8174802,948.31444,825.3477463,783.7316001,..
Adjusted net national income per capita (current US$),NY.ADJ.NNTY.PC.CD,Lao PDR,LAO,287.1036412,336.489382,387.3644044,435.5068225,539.4126143,644.1822008,706.1304807,778.9751384,943.7366372,1126.675475,1322.160218,1471.999545,1608.173835,1752.65011,..
Adjusted net national income per capita (current US$),NY.ADJ.NNTY.PC.CD,Latvia,LVA,3883.876989,4778.304962,5826.425416,7228.753355,10598.61957,12526.91312,10201.79779,8601.758801,10349.66472,10290.37398,11385.27478,11954.36762,10445.30508,10891.13792,..
Adjusted net national income per capita (current US$),NY.ADJ.NNTY.PC.CD,Lebanon,LBN,3749.472049,4516.978907,4598.764231,4419.199799,5131.089032,6028.728748,7119.752633,7354.071577,7213.798086,7325.450276,7137.352333,6919.133813,6826.146405,6598.650993,..
Adjusted net national income per capita (current US$),NY.ADJ.NNTY.PC.CD,Lesotho,LSO,793.6659148,999.0472088,1048.023798,1074.135438,1156.372068,1130.962569,1058.808509,1294.791948,1370.507388,1247.745458,1141.474687,1128.569646,1061.700161,965.7185194,..
Adjusted net national income per capita (current US$),NY.ADJ.NNTY.PC.CD,Liberia,LBR,70.15986233,87.38345293,107.991467,110.5036028,122.9422883,120.6550497,180.1126663,188.7847251,241.0965541,225.6756669,250.8865475,248.4129371,247.5317979,241.2257767,..
Adjusted net national income per capita (current US$),NY.ADJ.NNTY.PC.CD,Libya,LBY,3434.947395,4081.28106,5588.047409,6432.583087,8094.6964,9973.387486,7703.492804,8643.651835,4843.990965,..,..,..,..,..,..
Adjusted net national income per capita (current US$),NY.ADJ.NNTY.PC.CD,Liechtenstein,LIE,..,..,..,..,..,..,..,..,..,..,..,..,..,..,..
Adjusted net national income per capita (current US$),NY.ADJ.NNTY.PC.CD,Lithuania,LTU,4634.048538,5703.798965,6774.253695,7934.337459,10389.31557,12632.04904,10302.276,10030.3512,11907.67998,11995.94483,13186.96187,14133.47605,11784.19757,12325.43294,..
Adjusted net national income per capita (current US$),NY.ADJ.NNTY.PC.CD,Luxembourg,LUX,46709.71447,61392.51955,65974.62948,64084.56194,81386.92269,82019.94553,56664.43621,62531.4022,65004.25798,59247.02784,62611.33184,63447.36888,55156.67774,56303.4896,..
Adjusted net national income per capita (current US$),NY.ADJ.NNTY.PC.CD,"Macao SAR, China",MAC,..,..,..,..,..,..,..,..,..,..,..,..,..,..,..
Adjusted net national income per capita (current US$),NY.ADJ.NNTY.PC.CD,Macedonia (Former Yugoslav Republic Of),MKD,1881.061267,2158.998279,2358.068936,2617.274758,2864.136778,3665.165546,3544.828102,3458.021019,3889.101994,3575.246529,4052.60665,4273.504607,3774.506361,4014.955631,..
Adjusted net national income per capita (current US$),NY.ADJ.NNTY.PC.CD,Madagascar (Malagasy),MDG,294.2070793,225.7439938,253.1459188,268.7207653,349.9173082,435.3505354,386.6360208,379.6285774,415.7620936,400.3888464,412.7576898,402.9864246,356.5777684,357.9166906,..
Adjusted net national income per capita (current US$),NY.ADJ.NNTY.PC.CD,Malawi,MWI,211.1625844,228.4269998,231.9050293,238.4130732,249.3292153,295.8979782,302.4145477,343.8611751,389.9399969,269.2876254,235.1877405,249.0979156,249.9052706,200.9453485,..
Adjusted net national income per capita (current US$),NY.ADJ.NNTY.PC.CD,Malaysia,MYS,3211.606852,3606.983986,4124.804819,4685.229454,5606.862309,6472.386491,5643.878083,6934.644075,8064.74272,8204.452974,8395.851675,8612.520512,7616.3833,7477.456495,..
Adjusted net national income per capita (current US$),NY.ADJ.NNTY.PC.CD,Maldives,MDV,3183.528827,3663.363173,3338.965732,4443.546048,4435.457184,5322.291224,5148.82807,5414.454326,7515.292031,7396.907941,8349.048388,8902.36604,9214.262604,9517.799004,..
Adjusted net national income per capita (current US$),NY.ADJ.NNTY.PC.CD,Mali,MLI,334.492314,378.1846462,427.9682661,455.1978322,520.0583204,571.1708451,566.4181654,556.2137668,636.7087323,548.6166465,598.4561815,657.3308426,568.5720213,582.6823237,..
Adjusted net national income per capita (current US$),NY.ADJ.NNTY.PC.CD,Malta,MLT,..,..,..,..,..,..,..,..,..,..,..,..,..,..,..
Adjusted net national income per capita (current US$),NY.ADJ.NNTY.PC.CD,Marshall Islands,MHL,..,..,..,..,..,..,..,..,..,..,..,..,..,..,..
Adjusted net national income per capita (current US$),NY.ADJ.NNTY.PC.CD,Mauritania,MRT,480.0443679,537.754868,579.934247,630.1740668,634.1748728,721.1446098,783.2659309,812.5647108,914.1171403,847.1138344,856.8613958,838.2193195,737.1571747,674.3282296,..
Adjusted net national income per capita (current US$),NY.ADJ.NNTY.PC.CD,Mauritius,MUS,4122.580445,4691.813837,4579.346341,5160.861827,6056.170621,7242.371805,6410.556445,7072.219454,7964.253411,7889.099532,8124.283585,8276.068166,7644.149459,7896.160933,..
Adjusted net national income per capita (current US$),NY.ADJ.NNTY.PC.CD,Mexico,MEX,5736.20789,6100.196848,6649.241605,7258.483938,7998.631686,8216.222505,6646.602597,7698.821794,8234.168732,8169.371377,8504.887296,8774.804918,7788.535254,6971.091992,..
Adjusted net national income per capita (current US$),NY.ADJ.NNTY.PC.CD,"Micronesia, Fed. Sts.",FSM,..,..,..,..,..,..,..,..,..,..,..,..,..,..,..
Adjusted net national income per capita (current US$),NY.ADJ.NNTY.PC.CD,Moldova,MDA,539.6523428,721.959907,832.9111825,954.4677646,1209.5591,1688.691866,1462.896153,1636.360249,1999.493979,2139.066543,2339.765148,2326.751393,1841.155785,1896.224417,..
Adjusted net national income per capita (current US$),NY.ADJ.NNTY.PC.CD,Monaco,MCO,..,..,..,..,..,..,..,..,..,..,..,..,..,..,..
Adjusted net national income per capita (current US$),NY.ADJ.NNTY.PC.CD,Mongolia,MNG,547.4243809,654.1933117,816.7611559,1012.608525,1260.249179,1597.630319,1272.771519,1829.388,2540.97531,3270.872573,3404.826984,3013.18083,2904.079457,2676.807391,..
Adjusted net national income per capita (current US$),NY.ADJ.NNTY.PC.CD,Montenegro,MNE,..,..,..,4129.551001,5404.389921,6675.826913,5899.588189,5867.354927,6607.324061,5954.738795,6517.44353,6639.199738,5920.17083,6277.972462,..
Adjusted net national income per capita (current US$),NY.ADJ.NNTY.PC.CD,Morocco,MAR,1535.239318,1740.565094,1814.007259,1968.755014,2238.559766,2579.512127,2544.040344,2505.599906,2680.127018,2554.000732,2754.13977,2758.130657,2503.577456,..,..
Adjusted net national income per capita (current US$),NY.ADJ.NNTY.PC.CD,Mozambique,MOZ,239.3277529,283.5036703,315.2874527,315.5373983,349.0406265,416.5525454,395.7829116,351.4505387,443.2547799,472.6404546,502.8131647,507.2395393,419.292994,297.1359964,..
Adjusted net national income per capita (current US$),NY.ADJ.NNTY.PC.CD,Myanmar (Burma),MMR,213.4894645,211.8864479,234.7816126,281.6816736,392.4165012,618.5637441,719.4856074,957.9081935,1137.619179,1073.428676,1075.615214,1131.538448,1032.300315,1087.36599,..
Adjusted net national income per capita (current US$),NY.ADJ.NNTY.PC.CD,Namibia,NAM,2301.57896,2945.344381,3088.684199,3372.557879,3573.023737,3501.735816,3607.383828,4396.473198,4777.235156,4887.913506,4825.875358,4748.789668,4162.813185,3748.160746,..
Adjusted net national income per capita (current US$),NY.ADJ.NNTY.PC.CD,Nauru,NRU,..,..,..,..,..,..,..,..,..,..,..,..,..,..,..
Adjusted net national income per capita (current US$),NY.ADJ.NNTY.PC.CD,Nepal,NPL,241.7662799,271.2499083,299.5186856,328.1550303,368.1847082,443.7791997,452.3058964,550.5346796,642.8093965,635.7159171,641.4875853,663.9353587,700.6030879,681.0829827,..
Adjusted net national income per capita (current US$),NY.ADJ.NNTY.PC.CD,Netherlands,NLD,29624.75307,33748.6913,34362.13158,37802.22922,43374.89513,46442.6844,42842.15362,42029.31224,45289.8334,41739.4893,43173.20967,42966.895,37001.52996,37534.31123,..
Adjusted net national income per capita (current US$),NY.ADJ.NNTY.PC.CD,New Caledonia,NCL,..,..,..,..,..,..,..,..,..,..,..,..,..,..,..
Adjusted net national income per capita (current US$),NY.ADJ.NNTY.PC.CD,New Zealand,NZL,17841.33681,20454.71122,22024.14124,20956.33883,25472.8823,23923.59954,22468.03717,26750.08354,30849.89548,32256.70382,34995.2484,36293.53759,31273.79965,32271.07171,..
Adjusted net national income per capita (current US$),NY.ADJ.NNTY.PC.CD,Nicaragua,NIC,872.6903607,942.0589452,1031.861844,1075.155666,1172.519028,1359.633611,1313.522855,1335.79285,1469.966783,1561.047339,1604.932764,1717.064799,1832.28023,1875.771151,..
Adjusted net national income per capita (current US$),NY.ADJ.NNTY.PC.CD,Niger,NER,182.709175,204.226434,223.3172208,229.8262914,254.5119675,308.173597,293.5903585,304.4243434,326.020807,329.0795076,345.7419954,351.2010446,292.5871962,292.2472985,..
Adjusted net national income per capita (current US$),NY.ADJ.NNTY.PC.CD,Nigeria,NGA,377.2435608,466.437341,552.3144412,778.6313956,839.7274588,1016.324919,832.9126694,1865.485841,1932.310402,2155.032277,2344.710735,2630.353822,2242.151492,1830.841559,..
Adjusted net national income per capita (current US$),NY.ADJ.NNTY.PC.CD,Northern Mariana Islands,MNP,..,..,..,..,..,..,..,..,..,..,..,..,..,..,..
Adjusted net national income per capita (current US$),NY.ADJ.NNTY.PC.CD,Norway,NOR,39165.16571,44685.99313,51829.17342,56853.32786,65916.97303,73170.39891,62001.06432,69002.03034,77456.7155,78356.04735,80793.16361,77700.83122,61142.76098,57982.8633,..
Adjusted net national income per capita (current US$),NY.ADJ.NNTY.PC.CD,Oman,OMN,5719.225688,6107.885849,6794.353683,7065.66159,9457.032227,13284.63603,9625.745994,10657.04277,9877.495332,10968.31358,10830.36727,10550.09656,10652.7579,..,..
Adjusted net national income per capita (current US$),NY.ADJ.NNTY.PC.CD,Pakistan,PAK,525.8136465,601.8797406,654.6632173,795.4995992,868.6656635,956.2976381,950.958863,995.3076956,1187.48291,1230.465675,1247.437705,1302.590847,1428.11297,1443.666583,..
Adjusted net national income per capita (current US$),NY.ADJ.NNTY.PC.CD,Palau,PLW,..,..,..,..,..,..,..,..,..,..,..,..,..,..,..
Adjusted net national income per capita (current US$),NY.ADJ.NNTY.PC.CD,Panama,PAN,3759.153066,3991.826035,4281.408284,4637.797651,5334.589564,6309.132093,6679.909667,6919.038928,8326.425865,9487.113526,10506.20196,11178.41226,11162.28652,11446.63159,..
Adjusted net national income per capita (current US$),NY.ADJ.NNTY.PC.CD,Papua New Guinea,PNG,378.2939618,395.7347392,494.099893,807.3426447,998.0476784,1162.170581,1200.531915,1416.153528,1784.221957,2166.277093,2225.231039,2386.145589,2173.404846,2056.831079,..
Adjusted net national income per capita (current US$),NY.ADJ.NNTY.PC.CD,Paraguay,PRY,846.6791639,1036.257293,1102.981468,1368.681483,1857.157017,2491.373656,2075.04945,2567.000084,3272.959429,3079.684035,3627.262926,3845.712784,3320.763657,3288.274906,..
Adjusted net national income per capita (current US$),NY.ADJ.NNTY.PC.CD,Peru,PER,1899.780588,2070.796771,2266.693389,2405.543522,2775.690427,3332.12217,3365.185518,3983.947339,4498.162901,5097.747937,5388.195889,5365.11044,5042.297255,4957.339727,..
Adjusted net national income per capita (current US$),NY.ADJ.NNTY.PC.CD,Philippines,PHL,1096.410927,1140.283214,1270.506845,1460.726674,1707.848493,2005.089621,1983.962289,2282.696452,2493.56675,2799.779653,3036.396192,3094.456675,3182.538621,3255.442157,..
Adjusted net national income per capita (current US$),NY.ADJ.NNTY.PC.CD,Poland,POL,4807.939877,5522.344377,6761.963641,7587.19471,9395.273414,11968.24764,9836.02393,10713.64389,11862.88324,11221.49549,11743.23222,12159.73234,10657.70574,10463.11218,..
Adjusted net national income per capita (current US$),NY.ADJ.NNTY.PC.CD,Portugal,PRT,13038.86817,14851.17729,15422.80508,15948.53006,18362.80159,19679.41581,18251.06667,17884.22551,18587.21523,16327.12055,17515.99357,17814.76026,15389.321,16032.51847,..
Adjusted net national income per capita (current US$),NY.ADJ.NNTY.PC.CD,Puerto Rico,PRI,..,..,..,..,..,..,..,..,..,..,..,..,..,..,..
Adjusted net national income per capita (current US$),NY.ADJ.NNTY.PC.CD,Qatar,QAT,..,28572.1731,30799.25873,39018.58266,44073.43378,52349.66745,38976.22692,43863.24588,53108.97983,57284.80324,59202.28391,60396.03308,50409.75209,..,..
Adjusted net national income per capita (current US$),NY.ADJ.NNTY.PC.CD,Romania,ROU,2070.771994,2660.90131,3609.874653,4554.55173,6539.182935,8142.659909,6553.431718,6613.2783,7184.242119,6686.30223,7480.732148,7953.958091,7081.892485,7427.885831,..
Adjusted net national income per capita (current US$),NY.ADJ.NNTY.PC.CD,Russia (Soviet Union),RUS,2214.391911,3148.815621,4038.60432,5320.888584,7260.652589,9164.113025,6724.118075,8512.15436,11408.86966,12182.90083,12618.65235,11095.88655,7497.324288,6922.880359,..
Adjusted net national income per capita (current US$),NY.ADJ.NNTY.PC.CD,Rwanda,RWA,166.7498424,191.4081131,236.6045715,285.4933273,331.6532115,398.4587623,434.7595258,458.0504007,499.8172791,545.6434027,549.1296813,559.3980631,556.2184078,546.6059196,..
Adjusted net national income per capita (current US$),NY.ADJ.NNTY.PC.CD,Samoa,WSM,1601.145904,2015.157589,2111.640299,2263.483987,2474.552943,2866.712141,2541.048313,2949.391895,3362.266968,3583.416693,3595.245675,3581.491823,3610.049038,3495.564206,..
Adjusted net national income per capita (current US$),NY.ADJ.NNTY.PC.CD,San Marino,SMR,..,..,..,..,..,..,..,..,..,..,..,..,..,..,..
Adjusted net national income per capita (current US$),NY.ADJ.NNTY.PC.CD,Sao Tome and Principe,STP,545.7039945,586.5615067,698.6673623,765.0675098,795.2783321,941.7202106,871.6679554,883.2324143,938.2950007,786.5189526,915.1313636,1033.097139,793.8414524,758.1945212,..
Adjusted net national income per capita (current US$),NY.ADJ.NNTY.PC.CD,Saudi Arabia,SAU,7685.842744,8731.973324,10458.23438,11807.52601,13004.25507,15330.7527,13393.50359,15481.76655,18559.6527,19710.81445,19508.18137,19594.57077,17257.35857,16720.89568,..
Adjusted net national income per capita (current US$),NY.ADJ.NNTY.PC.CD,Senegal,SEN,567.0881339,649.1572253,685.7639313,717.8347528,845.05738,983.752982,900.0443682,885.2405963,936.845666,889.7025498,901.9573874,903.6966025,775.245905,803.163139,..
Adjusted net national income per capita (current US$),NY.ADJ.NNTY.PC.CD,Yugoslavia (Serbia),SRB,..,..,..,3428.711332,4448.819634,5423.152581,4771.848065,4392.991784,5205.051813,4508.327598,5023.923128,4923.351015,4126.072901,4225.471561,..
Adjusted net national income per capita (current US$),NY.ADJ.NNTY.PC.CD,Seychelles,SYC,7178.221356,9336.521432,10346.38871,11376.07588,10697.07979,9060.846712,8530.564994,9148.702691,10297.02564,10950.96574,13110.82423,12626.15979,12345.57997,12716.28746,..
Adjusted net national income per capita (current US$),NY.ADJ.NNTY.PC.CD,Sierra Leone,SLE,210.8400254,214.0202681,238.3309417,272.2936892,319.1594803,372.7661171,362.6737052,348.9342001,371.3058718,488.2195909,587.369941,584.1636191,490.4380082,361.889466,..
Adjusted net national income per capita (current US$),NY.ADJ.NNTY.PC.CD,Singapore,SGP,18957.85725,21349.33877,23502.52862,27676.87019,32800.27165,32217.08504,31020.41865,40103.5679,44848.87833,45248.22611,46665.96087,47071.16157,43618.1112,43518.50063,..
Adjusted net national income per capita (current US$),NY.ADJ.NNTY.PC.CD,Sint Maarten (Dutch part),SXM,..,..,..,..,..,..,..,..,..,..,..,..,..,..,..
Adjusted net national income per capita (current US$),NY.ADJ.NNTY.PC.CD,Slovakia,SVK,6353.348738,7990.4306,8936.349316,10191.59338,12678.18277,14933.1678,13082.04054,12941.09693,13890.87152,13458.78351,14261.64425,14498.12694,12543.69603,12869.91624,..
Adjusted net national income per capita (current US$),NY.ADJ.NNTY.PC.CD,Slovenia,SVN,12052.65195,13887.37455,14687.27088,15951.88312,19181.35617,22017.60266,19487.99049,18452.17362,19626.66818,17391.04674,18063.092,18958.99003,15947.03024,16640.11653,..
Adjusted net national income per capita (current US$),NY.ADJ.NNTY.PC.CD,Solomon Islands,SLB,633.7887648,705.852385,738.4488967,769.0927266,707.0315188,693.3689123,590.8590047,618.2387766,774.3029459,1124.943135,1339.87323,1328.326242,1432.870899,1421.188213,..
Adjusted net national income per capita (current US$),NY.ADJ.NNTY.PC.CD,Somalia,SOM,..,..,..,..,..,..,..,..,..,..,..,..,..,..,..
Adjusted net national income per capita (current US$),NY.ADJ.NNTY.PC.CD,South Africa,ZAF,3041.353473,3937.793999,4407.109073,4556.564584,4817.960311,4361.517164,4715.075694,5847.986022,6388.307546,6031.215907,5487.5861,5178.268319,4687.381253,4262.56956,..
Adjusted net national income per capita (current US$),NY.ADJ.NNTY.PC.CD,South Sudan,SSD,..,..,..,..,..,..,..,..,965.2002125,841.7832671,905.9195367,811.2320199,563.3482258,..,..
Adjusted net national income per capita (current US$),NY.ADJ.NNTY.PC.CD,Spain,ESP,18302.55252,21081.68397,22208.2293,23712.55334,26957.61721,29066.02447,26435.15242,25125.2325,25752.42571,23234.80328,23841.81181,24244.16587,21197.2303,21836.00389,..
Adjusted net national income per capita (current US$),NY.ADJ.NNTY.PC.CD,Sri Lanka (Ceylon),LKA,922.7420281,995.4519014,1162.102429,1329.727135,1515.139868,1865.866009,1947.901149,2605.404237,2972.7914,3071.110924,3273.833884,3451.605531,3461.486962,3459.367006,..
Adjusted net national income per capita (current US$),NY.ADJ.NNTY.PC.CD,St. Kitts and Nevis,KNA,..,..,..,..,..,..,..,..,..,..,..,..,..,..,..
Adjusted net national income per capita (current US$),NY.ADJ.NNTY.PC.CD,St. Lucia,LCA,4091.959322,4288.437422,4553.986873,5553.695701,6196.511777,6153.006814,6146.257496,6679.65997,7017.232911,6898.786794,7136.163422,7091.418333,7477.752275,7492.190483,..
Adjusted net national income per capita (current US$),NY.ADJ.NNTY.PC.CD,St. Martin (French part),MAF,..,..,..,..,..,..,..,..,..,..,..,..,..,..,..
Adjusted net national income per capita (current US$),NY.ADJ.NNTY.PC.CD,St. Vincent and the Grenadines,VCT,4011.992588,4276.214778,4498.284641,5025.902087,5306.670639,5652.146899,5495.602609,5393.069198,5236.306366,5173.140456,5385.317056,5375.020392,5421.088247,5356.733487,..
Adjusted net national income per capita (current US$),NY.ADJ.NNTY.PC.CD,Sudan,SDN,..,..,..,..,..,..,..,..,1333.190634,1453.434709,972.432612,1727.20904,2015.736295,..,..
Adjusted net national income per capita (current US$),NY.ADJ.NNTY.PC.CD,Suriname,SUR,1952.633179,2143.261997,2718.159214,4171.875375,4714.676455,5345.274122,6044.035176,5650.561556,4599.934286,5360.277102,6084.827366,6535.776054,6405.199902,3620.176692,..
Adjusted net national income per capita (current US$),NY.ADJ.NNTY.PC.CD,Sweden,SWE,31821.26497,36153.54603,36958.34958,40332.58575,46731.03925,48692.5428,39251.61599,44690.36544,50872.32304,48760.07851,51432.94886,50489.34809,43232.80839,44237.72785,..
Adjusted net national income per capita (current US$),NY.ADJ.NNTY.PC.CD,Switzerland,CHE,40810.59414,45285.44225,47966.28164,49969.16846,50933.33761,52736.55803,56190.25973,63545.1998,71216.58907,68151.60803,69239.99927,68975.18929,66815.6885,63377.62595,..
Adjusted net national income per capita (current US$),NY.ADJ.NNTY.PC.CD,Syria,SYR,909.9840559,1107.323404,1189.637965,1346.578655,1636.130819,..,..,..,..,..,..,..,..,..,..
Adjusted net national income per capita (current US$),NY.ADJ.NNTY.PC.CD,Tajikistan,TJK,..,241.128238,251.7363428,337.1432017,462.2637053,629.0556161,602.9988533,768.4172076,882.5604337,1032.928393,1126.194254,1191.961953,971.984566,818.2233949,..
Adjusted net national income per capita (current US$),NY.ADJ.NNTY.PC.CD,Tanzania/Tanganyika,TZA,282.8710525,301.9475789,385.2881663,421.5266707,465.9544327,572.7509861,578.8343475,616.4896868,644.9788388,722.4095887,811.1790002,860.7308771,779.1602238,..,..
Adjusted net national income per capita (current US$),NY.ADJ.NNTY.PC.CD,Thailand,THA,1864.890035,2118.383686,2278.908995,2678.872413,3191.225734,3453.521754,3338.772519,4013.952865,4378.948029,4515.955434,4648.102945,4514.865105,4480.837361,4489.825883,..
Adjusted net national income per capita (current US$),NY.ADJ.NNTY.PC.CD,Timor-Leste,TLS,649.4387152,..,..,..,..,..,..,..,..,..,..,..,1836.242602,1904.006335,..
Adjusted net national income per capita (current US$),NY.ADJ.NNTY.PC.CD,Togo,TGO,256.5849226,303.668108,325.501639,342.6912911,366.2331317,355.7002807,348.4245418,331.3197082,332.2851029,299.5510172,325.886023,411.4588716,372.9801579,397.068473,..
Adjusted net national income per capita (current US$),NY.ADJ.NNTY.PC.CD,Tonga,TON,1882.176522,2120.668505,2379.11862,2707.609158,2763.600269,3184.431156,2904.231725,3336.866388,3789.16493,4223.024097,4015.429122,3863.581086,3773.049718,3435.671641,..
Adjusted net national income per capita (current US$),NY.ADJ.NNTY.PC.CD,Trinidad And Tobago,TTO,6407.994973,7978.009146,8725.294148,9449.0424,11399.55208,15064.84929,10627.89709,12537.94678,12274.14019,11932.40715,13354.03758,13169.08904,13918.90206,12968.91275,..
Adjusted net national income per capita (current US$),NY.ADJ.NNTY.PC.CD,Tunisia,TUN,2204.746911,2476.11688,2473.321339,2617.32914,2847.635381,3073.331331,3171.26465,3146.248956,3192.138025,3112.401649,3140.400473,3262.349622,2959.671996,2788.238259,..
Adjusted net national income per capita (current US$),NY.ADJ.NNTY.PC.CD,Turkey/Ottoman Empire,TUR,3846.818948,4982.573265,6149.271844,6707.397324,8122.296637,9064.980086,7449.838003,8960.560602,9583.491568,9899.964746,10631.65159,10232.32806,9235.402578,9064.532052,..
Adjusted net national income per capita (current US$),NY.ADJ.NNTY.PC.CD,Turkmenistan,TKM,581.4049109,658.040096,611.0151587,895.0054922,1199.615137,2215.882034,2957.299235,3053.491201,3499.420394,..,..,..,..,..,..
Adjusted net national income per capita (current US$),NY.ADJ.NNTY.PC.CD,Turks and Caicos Islands,TCA,..,..,..,..,..,..,..,..,..,..,..,..,..,..,..
Adjusted net national income per capita (current US$),NY.ADJ.NNTY.PC.CD,Tuvalu,TUV,..,..,..,..,..,..,..,..,..,..,..,..,..,..,..
Adjusted net national income per capita (current US$),NY.ADJ.NNTY.PC.CD,Uganda,UGA,169.0670318,220.851931,244.6962513,263.3018958,303.7613899,331.7725142,426.179897,466.5496776,436.3712719,468.7063472,479.5436424,517.8227251,483.2812157,394.2900366,..
Adjusted net national income per capita (current US$),NY.ADJ.NNTY.PC.CD,Ukraine,UKR,834.5729101,1105.6713,1507.335432,1900.247885,2563.212047,3298.508215,2057.504844,2434.055904,2922.997423,3220.477608,3354.134361,2623.805204,1805.299557,..,..
Adjusted net national income per capita (current US$),NY.ADJ.NNTY.PC.CD,United Arab Emirates,ARE,29435.28173,32144.28426,33469.94484,36411.61276,37531.39856,38831.06282,28504.9511,31812.97543,36076.38284,37502.56708,39176.95197,40199.43283,36198.91235,34579.66959,..
Adjusted net national income per capita (current US$),NY.ADJ.NNTY.PC.CD,United Kingdom,GBR,29716.90309,34862.90138,36607.65918,38128.39097,43296.22749,40132.92607,32747.35955,33828.0071,35967.99075,35699.95703,36300.13073,39483.70879,37445.54599,34167.08679,..
Adjusted net national income per capita (current US$),NY.ADJ.NNTY.PC.CD,United States Of America,USA,33776.97464,35648.64293,37662.14612,39871.38238,40558.37031,40330.50224,39351.60859,40991.68426,42610.37052,44592.96929,45465.09253,47297.05524,48967.22169,49574.32501,..
Adjusted net national income per capita (current US$),NY.ADJ.NNTY.PC.CD,Uruguay,URY,3116.807952,3521.777415,4539.018219,5134.111308,6122.619774,7793.954419,8089.342846,10095.77174,12111.6646,12966.32923,14476.93712,14273.22727,13302.57119,13113.63551,..
Adjusted net national income per capita (current US$),NY.ADJ.NNTY.PC.CD,Uzbekistan,UZB,292.6719699,357.3903532,410.5502548,451.0645873,650.0838937,854.1217336,992.2147443,1210.525277,1314.53535,1431.968869,1656.624813,1798.592742,1911.796912,1885.911303,..
Adjusted net national income per capita (current US$),NY.ADJ.NNTY.PC.CD,Vanuatu,VUT,1361.653383,1532.457208,1587.602705,1768.482629,2048.246,2453.52289,2303.086519,2557.74518,2854.732963,2682.858086,2861.473945,2864.447977,..,..,..
Adjusted net national income per capita (current US$),NY.ADJ.NNTY.PC.CD,Venezuela,VEN,2762.81128,3613.288844,4669.732535,5929.849815,7468.652445,10317.91426,10630.8553,12463.36754,9639.458518,11492.61232,10963.05376,14451.47468,..,..,..
Adjusted net national income per capita (current US$),NY.ADJ.NNTY.PC.CD,"Vietnam, Democratic Republic Of",VNM,457.3930834,503.9156798,561.9581122,628.8542631,728.6964351,914.4208433,976.1804005,1061.410567,1209.673532,1391.306044,1519.046686,1641.563189,1701.278439,1810.311216,..
Adjusted net national income per capita (current US$),NY.ADJ.NNTY.PC.CD,Virgin Islands (U.S.),VIR,..,..,..,..,..,..,..,..,..,..,..,..,..,..,..
Adjusted net national income per capita (current US$),NY.ADJ.NNTY.PC.CD,West Bank and Gaza,PSE,..,..,..,..,..,..,..,..,..,..,..,..,..,..,..
Adjusted net national income per capita (current US$),NY.ADJ.NNTY.PC.CD,Yemen,YEM,384.5606669,417.9014393,454.0646253,543.3006079,653.9877338,794.9568142,849.2764301,988.0953088,1042.015805,1180.756367,1305.834798,1385.548581,1283.401687,933.8254685,..
Adjusted net national income per capita (current US$),NY.ADJ.NNTY.PC.CD,Zambia,ZMB,355.6583117,404.8205645,511.79981,697.0048002,716.5635419,955.8410586,839.7755839,981.1571464,1132.162005,1285.619629,1346.467393,1319.477631,998.9947737,966.6072915,..
Adjusted net national income per capita (current US$),NY.ADJ.NNTY.PC.CD,Zimbabwe (Rhodesia),ZWE,419.4907561,409.5487457,403.0743561,363.7851369,335.5356553,265.5032399,504.7842133,567.9713687,613.3711736,661.2531756,762.7751453,776.22471,755.7849639,750.4841653,..
Adjusted net national income per capita (current US$),NY.ADJ.NNTY.PC.CD,Arab World,ARB,2244.371197,2539.108659,2943.748444,3434.308268,3994.852829,4820.6813,4242.503998,4783.437423,5429.710322,5847.78484,5920.747721,6043.694139,5443.483725,5182.501036,..
Adjusted net national income per capita (current US$),NY.ADJ.NNTY.PC.CD,Caribbean small states,CSS,4596.970207,5070.248101,5528.46491,6081.83189,6765.509215,7695.568837,6535.258038,7083.502483,7138.771774,7630.367099,7860.392151,7825.646655,8020.206584,7517.975068,..
Adjusted net national income per capita (current US$),NY.ADJ.NNTY.PC.CD,Central Europe and the Baltics,CEB,4747.792608,5680.465541,6715.028052,7581.694955,9545.246724,11710.77695,9814.745913,10046.19131,11074.23843,10424.08253,11032.92827,11443.07991,9999.404995,10143.0968,..
Adjusted net national income per capita (current US$),NY.ADJ.NNTY.PC.CD,Early-demographic dividend,EAR,1126.289413,1283.172733,1460.509182,1641.703634,1943.331873,2136.551239,2077.408952,2472.054915,2708.003341,2784.972128,2802.010783,2886.800469,2798.869295,2803.639362,..
Adjusted net national income per capita (current US$),NY.ADJ.NNTY.PC.CD,East Asia & Pacific,EAS,3293.643184,3669.575115,3868.447677,4080.955807,4544.747438,5139.526485,5326.68646,6150.113935,7004.747527,7515.683733,7522.230599,7732.435261,7654.953882,7783.245528,..
Adjusted net national income per capita (current US$),NY.ADJ.NNTY.PC.CD,East Asia & Pacific (excluding high income),EAP,1061.853871,1203.318286,1363.839269,1624.559066,2030.195023,2486.256501,2750.935144,3227.028471,3808.372881,4270.147117,4636.035768,4999.422592,5168.593814,5175.45055,..
Adjusted net national income per capita (current US$),NY.ADJ.NNTY.PC.CD,East Asia & Pacific (IDA & IBRD countries),TEA,1073.413087,1216.416091,1378.671769,1642.201672,2052.202606,2513.147537,2780.619138,3261.771036,3849.283717,4315.913579,4685.607224,5052.747469,5223.58389,5230.358618,..
Adjusted net national income per capita (current US$),NY.ADJ.NNTY.PC.CD,Euro area,EMU,22690.92778,26049.09474,26833.23619,28449.43036,32471.45541,35027.80102,31776.20635,31157.45297,33628.36293,31001.94958,32227.24062,32788.91267,28136.36359,28768.42784,..
Adjusted net national income per capita (current US$),NY.ADJ.NNTY.PC.CD,Europe & Central Asia,ECS,12982.06602,15153.93772,16076.29802,17315.43786,20111.68852,21716.10835,18999.68994,19504.22494,21466.89157,20514.29516,21347.21335,21512.06865,18461.03564,18252.43183,..
Adjusted net national income per capita (current US$),NY.ADJ.NNTY.PC.CD,Europe & Central Asia (excluding high income),ECA,1969.317511,2650.82386,3351.112835,4115.18556,5430.450157,6664.890099,5201.496642,6237.067455,7616.759096,8011.400081,8500.136,7874.91761,6084.125321,5709.589616,..
Adjusted net national income per capita (current US$),NY.ADJ.NNTY.PC.CD,Europe & Central Asia (IDA & IBRD countries),TEC,2264.497888,2954.430293,3703.121508,4472.316537,5835.186267,7191.11483,5665.708791,6669.268849,8021.033542,8310.038194,8799.298547,8266.229995,6501.38097,6142.952073,..
Adjusted net national income per capita (current US$),NY.ADJ.NNTY.PC.CD,European Union,EUU,20408.49687,23580.98244,24569.95148,26097.58309,29948.43407,31774.39955,28159.50506,28074.02851,30325.44425,28375.30654,29473.18629,30346.02624,26551.84406,26614.18435,..
Adjusted net national income per capita (current US$),NY.ADJ.NNTY.PC.CD,Fragile and conflict affected situations,FCS,448.9418989,508.3821203,595.5449532,674.1366277,835.0706205,1063.270979,1017.078711,1148.905692,1228.971359,1316.335314,1334.771439,1427.777515,1284.924759,1193.645649,..
Adjusted net national income per capita (current US$),NY.ADJ.NNTY.PC.CD,Heavily indebted poor countries (HIPC),HPC,298.2631079,330.2442264,365.677561,412.7980815,472.8665166,550.5932856,556.3692761,577.1297033,622.5055624,646.4365871,659.2559454,720.2041639,699.1850345,685.7994693,..
Adjusted net national income per capita (current US$),NY.ADJ.NNTY.PC.CD,High income,HIC,23524.58602,26068.95993,27366.47532,28793.34629,31040.66096,32306.0513,30052.9552,31571.92608,33981.94174,33913.76625,34079.703,34621.09827,32702.15122,32990.46472,..
Adjusted net national income per capita (current US$),NY.ADJ.NNTY.PC.CD,IBRD only,IBD,1357.621676,1587.547802,1860.013028,2170.930157,2690.384695,3149.5631,3096.598136,3685.285994,4241.034739,4478.246457,4677.212696,4816.527976,4533.332835,4469.123504,..
Adjusted net national income per capita (current US$),NY.ADJ.NNTY.PC.CD,IDA & IBRD total,IBT,1137.928477,1324.862002,1543.414656,1799.212559,2213.147682,2584.919611,2537.235806,3023.000305,3459.221695,3645.773742,3801.438736,3920.469538,3689.542188,3622.243707,..
Adjusted net national income per capita (current US$),NY.ADJ.NNTY.PC.CD,IDA blend,IDB,450.3560515,524.3424929,584.6052099,742.3029807,828.3073492,957.1523869,905.8253151,1310.878019,1432.855807,1560.000435,1668.496746,1813.75732,1717.069038,1579.603856,..
Adjusted net national income per capita (current US$),NY.ADJ.NNTY.PC.CD,IDA only,IDX,322.8525074,355.5246367,391.1548378,435.4465735,504.200201,596.8302768,619.6290946,677.7339011,740.121818,764.4840774,792.3641278,862.1104785,857.1049639,862.8519434,..
Adjusted net national income per capita (current US$),NY.ADJ.NNTY.PC.CD,IDA total,IDA,363.8483955,410.5697737,454.3271509,537.7460402,611.6654053,715.4779652,710.6550541,894.736966,972.9111107,1032.894002,1088.719506,1184.234462,1147.543363,1103.170133,..
Adjusted net national income per capita (current US$),NY.ADJ.NNTY.PC.CD,Late-demographic dividend,LTE,1657.706424,1967.644514,2337.105764,2800.440118,3531.243829,4297.970336,4214.954433,4969.670048,5914.379915,6337.817674,6776.037153,7016.452314,6543.865135,6437.551307,..
Adjusted net national income per capita (current US$),NY.ADJ.NNTY.PC.CD,Latin America & Caribbean,LCN,3032.666673,3443.130967,4107.361096,4730.497757,5597.149913,6434.534734,6070.017321,7468.712432,8314.75581,8347.093286,8506.665894,8604.029618,7348.581231,7028.515006,..
Adjusted net national income per capita (current US$),NY.ADJ.NNTY.PC.CD,Latin America & Caribbean (excluding high income),LAC,2983.784933,3345.447427,3985.391105,4599.785039,5430.316644,6202.522509,5853.321086,7196.069596,7901.491751,7871.78318,8009.295243,8191.750727,6686.066298,6407.391859,..
Adjusted net national income per capita (current US$),NY.ADJ.NNTY.PC.CD,Latin America & the Caribbean (IDA & IBRD countries),TLA,2998.007406,3410.112341,4074.32376,4688.293769,5557.601581,6399.776944,6029.061901,7440.124113,8287.35848,8307.576781,8461.685554,8556.252592,7301.747594,6981.001356,..
Adjusted net national income per capita (current US$),NY.ADJ.NNTY.PC.CD,Least developed countries: UN classification,LDC,278.9141658,304.3117127,333.4160922,367.7509719,427.0012915,494.7558654,542.4127977,598.4229383,661.4923284,689.0143728,717.5751567,796.1024171,794.7819851,788.296454,..
Adjusted net national income per capita (current US$),NY.ADJ.NNTY.PC.CD,Low & middle income,LMY,1082.730894,1257.747769,1461.590757,1709.119635,2103.409932,2447.388893,2421.513615,2889.431346,3303.075081,3493.33189,3645.320646,3771.669312,3542.212341,3483.150652,..
Adjusted net national income per capita (current US$),NY.ADJ.NNTY.PC.CD,Low income,LIC,244.9990029,274.7518757,306.3744967,336.760863,393.9092589,458.8550076,481.9311978,510.4007234,547.985977,585.6694549,623.4920151,655.7348263,615.488816,582.0151638,..
Adjusted net national income per capita (current US$),NY.ADJ.NNTY.PC.CD,Lower middle income,LMC,565.1871233,630.6033514,704.1075646,821.6263098,995.8706646,1079.833337,1129.378462,1401.574532,1543.693616,1604.239632,1648.601054,1735.93672,1724.709048,1771.122948,..
Adjusted net national income per capita (current US$),NY.ADJ.NNTY.PC.CD,Middle East & North Africa,MEA,2637.994074,2993.122908,3443.998331,3978.708887,4720.490615,5616.463749,5120.526812,5814.847524,6620.992634,6977.893822,6851.701151,6856.738915,6162.157717,6010.911257,..
Adjusted net national income per capita (current US$),NY.ADJ.NNTY.PC.CD,Middle East & North Africa (excluding high income),MNA,1385.014931,1567.088199,1776.305302,2028.518324,2519.634686,3010.554164,2996.983237,3376.017574,3709.544289,3910.23579,3607.523293,3548.408479,3243.080661,3157.918392,..
Adjusted net national income per capita (current US$),NY.ADJ.NNTY.PC.CD,Middle East & North Africa (IDA & IBRD countries),TMN,1390.540517,1573.480804,1783.708094,2037.147399,2530.56696,3023.978326,3010.710004,3391.893639,3727.486005,3929.680504,3625.956059,3567.033985,3260.567616,3175.410288,..
Adjusted net national income per capita (current US$),NY.ADJ.NNTY.PC.CD,Middle income,MIC,1172.625134,1364.813715,1589.319098,1863.137824,2298.237088,2677.830896,2650.681175,3173.230366,3635.977986,3849.998911,4021.65564,4165.609575,3917.651787,3860.256442,..
Adjusted net national income per capita (current US$),NY.ADJ.NNTY.PC.CD,North America,NAC,32698.13548,34678.68869,36836.58997,39178.65345,40133.43741,40055.81838,38709.18765,40746.89672,42593.45025,44411.80571,45197.27499,46680.79561,47594.25238,48039.13101,..
Adjusted net national income per capita (current US$),NY.ADJ.NNTY.PC.CD,Not classified,INX,..,..,..,..,..,..,..,..,..,..,..,..,..,..,..
Adjusted net national income per capita (current US$),NY.ADJ.NNTY.PC.CD,OECD members,OED,22358.43949,24756.80995,25983.57499,27289.56608,29411.54056,30499.61465,28309.58589,29728.68642,31828.70938,31685.82334,31870.55905,32380.17753,30511.60966,30741.49717,..
Adjusted net national income per capita (current US$),NY.ADJ.NNTY.PC.CD,Other small states,OSS,..,4714.93492,5305.007517,6234.145822,7518.920894,8830.013632,7583.446472,8404.531804,10020.14024,10400.86323,10916.7295,11251.85993,9950.437133,..,..
Adjusted net national income per capita (current US$),NY.ADJ.NNTY.PC.CD,Pacific island small states,PSS,1838.21194,2154.776972,2350.586286,2354.510555,2570.563189,2727.712292,2316.839331,2500.222093,2855.187512,3041.206702,3256.565597,3295.948264,3269.973875,3287.529714,..
Adjusted net national income per capita (current US$),NY.ADJ.NNTY.PC.CD,Post-demographic dividend,PST,24603.26404,27260.03153,28547.44748,29990.67374,32261.86272,33408.38005,31256.91565,32740.11095,35111.91015,35030.88896,35162.41015,35754.32241,33815.24996,34217.90925,..
Adjusted net national income per capita (current US$),NY.ADJ.NNTY.PC.CD,Pre-demographic dividend,PRE,342.000646,390.3544493,448.8175816,554.8121635,649.0427997,779.0066898,733.9777284,1017.215639,1093.541553,1195.804877,1264.736667,1378.908595,1208.792509,1077.268882,..
Adjusted net national income per capita (current US$),NY.ADJ.NNTY.PC.CD,Small states,SST,4053.387045,4640.364803,5176.290451,5964.817601,7057.635907,8222.741477,7049.560865,7781.20483,9013.946123,9413.784212,9865.855179,10123.36454,9184.056005,9041.530453,..
Adjusted net national income per capita (current US$),NY.ADJ.NNTY.PC.CD,South Asia,SAS,469.749072,538.3719496,603.9367443,676.2815566,842.5700274,836.8101348,923.9989197,1100.857302,1210.596926,1210.808526,1227.459679,1330.34131,1365.119137,1440.075944,..
Adjusted net national income per capita (current US$),NY.ADJ.NNTY.PC.CD,South Asia (IDA & IBRD),TSA,469.749072,538.3719496,603.9367443,676.2815566,842.5700274,836.8101348,923.9989197,1100.857302,1210.596926,1210.808526,1227.459679,1330.34131,1365.119137,1440.075944,..
Adjusted net national income per capita (current US$),NY.ADJ.NNTY.PC.CD,Sub-Saharan Africa,SSF,511.0906575,612.9150299,681.5316335,771.9923284,844.4430864,883.6169105,886.9483589,1173.253709,1244.941211,1284.743498,1308.363626,1391.962351,1264.349335,1148.804608,..
Adjusted net national income per capita (current US$),NY.ADJ.NNTY.PC.CD,Sub-Saharan Africa (excluding high income),SSA,510.3049337,611.9161451,680.4502406,770.8145971,843.3791794,882.7466231,886.1574056,1172.439151,1244.063611,1283.822658,1307.24875,1390.913764,1263.319726,1147.743251,..
Adjusted net national income per capita (current US$),NY.ADJ.NNTY.PC.CD,Sub-Saharan Africa (IDA & IBRD countries),TSS,511.0906575,612.9150299,681.5316335,771.9923284,844.4430864,883.6169105,886.9483589,1173.253709,1244.941211,1284.743498,1308.363626,1391.962351,1264.349335,1148.804608,..
Adjusted net national income per capita (current US$),NY.ADJ.NNTY.PC.CD,Upper middle income,UMC,1802.507006,2132.71313,2522.783543,2970.830592,3694.929603,4404.289866,4308.552722,5120.446314,5952.399041,6354.466273,6686.839197,6913.073245,6411.299511,6249.100109,..
Adjusted net national income per capita (current US$),NY.ADJ.NNTY.PC.CD,World,WLD,5091.676457,5666.013252,6040.713427,6474.755486,7174.971878,7661.125894,7224.292531,7850.391209,8575.073244,8692.036723,8817.382623,8985.337996,8442.344046,8413.505174,..
,,,,,,,,,,,,,,,,,,
,,,,,,,,,,,,,,,,,,
,,,,,,,,,,,,,,,,,,
Data from database: World Development Indicators,,,,,,,,,,,,,,,,,,
Last Updated: 11/14/2018,,,,,,,,,,,,,,,,,,
