Series Name,Series Code,country,Country Code,tech2003,tech2004,tech2005,tech2006,tech2007,tech2008,tech2009,tech2010,tech2011,tech2012,tech2013,tech2014,tech2015,tech2016,tech2017
Mobile cellular subscriptions (per 100 people),IT.CEL.SETS.P2,Afghanistan,AFG,0.867120278,2.487667492,4.78644517,9.733604444,17.53816162,28.94006019,37.49420045,35.46776644,46.44405817,49.972753,52.96647314,56.19133269,58.42052823,62.33541682,67.3505726
Mobile cellular subscriptions (per 100 people),IT.CEL.SETS.P2,Albania,ALB,35.35834883,40.6614872,49.69649377,62.53038718,76.80249426,62.16072664,83.16046357,91.56092875,105.9228287,119.8614128,126.2764913,115.0261146,116.3375126,115.1522649,119.3763401
Mobile cellular subscriptions (per 100 people),IT.CEL.SETS.P2,Algeria,DZA,4.465339778,14.87130981,41.03934048,62.16474285,80.35760912,77.54135852,92.28569753,90.75943977,96.73099824,99.89846096,103.0738842,110.6993263,108.4173223,115.8480539,120.7057883
Mobile cellular subscriptions (per 100 people),IT.CEL.SETS.P2,American Samoa,ASM,3.552277687,3.796571274,..,..,..,..,..,..,..,..,..,..,..,..,..
Mobile cellular subscriptions (per 100 people),IT.CEL.SETS.P2,Andorra,AND,70.90951327,76.5515975,81.8593328,85.19959008,76.80297038,76.55763704,76.42371717,77.5556845,77.66355029,77.47692009,79.13427737,83.61334461,91.43999795,98.513218,104.3812122
Mobile cellular subscriptions (per 100 people),IT.CEL.SETS.P2,Angola,AGO,1.922721008,3.922459132,8.239941385,15.07531265,23.62896447,31.12838486,35.9626781,40.23840253,49.85108738,50.94450344,51.10017793,52.20027766,49.83804154,45.12169884,44.73497738
Mobile cellular subscriptions (per 100 people),IT.CEL.SETS.P2,Antigua and Barbuda,ATG,52.81064919,61.1849485,96.35530458,122.0108304,122.9807071,147.7021562,144.1799083,177.4437202,183.8798985,131.6232163,116.9017828,121.4068268,176.1356244,178.2831334,..
Mobile cellular subscriptions (per 100 people),IT.CEL.SETS.P2,Argentina,ARG,20.47079124,34.88984757,56.60020383,79.65438363,101.0796712,115.1709326,128.6361343,138.4689785,145.7687913,152.8090976,158.3489275,142.4663975,142.4348098,145.3305063,139.8146002
Mobile cellular subscriptions (per 100 people),IT.CEL.SETS.P2,Armenia,ARM,3.790137603,6.775584447,10.66811035,42.58110529,63.97460533,49.58359409,75.86762234,134.3391104,111.6718674,115.2993384,115.6476444,119.0252975,118.7709765,117.428481,119.0439694
Mobile cellular subscriptions (per 100 people),IT.CEL.SETS.P2,Aruba,ABW,72.10282734,99.64754854,103.3849507,108.1303554,112.2169532,119.1933145,126.1667964,129.636369,..,131.6084502,134.5130685,134.5922251,135.13384,..,..
Mobile cellular subscriptions (per 100 people),IT.CEL.SETS.P2,Australia,AUS,72.83860687,82.61302181,91.012838,96.04538942,101.4958754,103.6429999,102.1204248,101.7176081,105.8238999,106.6434188,107.728789,106.7533735,108.2793309,110.0520902,112.6886209
Mobile cellular subscriptions (per 100 people),IT.CEL.SETS.P2,Austria,AUT,88.96932087,97.26408257,104.9838556,112.0253092,119.2523915,129.7123099,136.6063093,145.5537959,153.9336566,159.5294796,154.7253124,150.0321433,155.2155247,163.7944858,170.8479228
Mobile cellular subscriptions (per 100 people),IT.CEL.SETS.P2,Azerbaijan,AZE,12.64268165,17.23923946,26.25721341,38.51013795,51.79782823,74.22430613,86.92028501,100.7490321,110.6460272,109.2853827,107.9359163,111.0350828,111.2258882,104.7671576,103.0466374
Mobile cellular subscriptions (per 100 people),IT.CEL.SETS.P2,"Bahamas, The",BHS,38.71086253,57.67193963,69.17894967,75.33186434,109.2516534,102.6884558,101.1148184,118.7192378,81.51011545,80.63670744,76.07888877,82.38292483,80.44064957,92.06813349,89.42207249
Mobile cellular subscriptions (per 100 people),IT.CEL.SETS.P2,Bahrain,BHR,56.90288181,78.2991584,86.27199809,94.68069123,107.7313154,129.2656493,118.3071469,126.2831806,132.4955858,163.349887,168.0227701,174.2741117,183.6239982,210.140748,158.4150038
Mobile cellular subscriptions (per 100 people),IT.CEL.SETS.P2,Bangladesh,BGD,0.981880168,1.968444857,6.274789733,13.16038088,23.35883443,29.99882787,34.13606372,44.64297594,54.81622359,62.40405769,73.96847136,79.58713274,81.49814015,83.44924467,88.12405929
Mobile cellular subscriptions (per 100 people),IT.CEL.SETS.P2,Barbados,BRB,51.42181313,73.28619398,75.24935312,86.21286436,93.28118776,104.0902354,121.0403275,125.2145266,123.9899359,124.0463803,108.9197158,107.7883445,117.7945021,116.5658465,118.2248993
Mobile cellular subscriptions (per 100 people),IT.CEL.SETS.P2,Belarus,BLR,11.47837579,23.14053609,42.60751108,62.24515128,72.9799649,85.49192197,102.107906,109.0765603,112.9524212,112.7193343,117.254509,120.211978,120.688975,120.6731574,120.5611904
Mobile cellular subscriptions (per 100 people),IT.CEL.SETS.P2,Belgium,BEL,82.59725088,87.13361692,91.0666428,92.72859242,100.3765809,105.2186842,108.424729,111.110074,113.4644495,111.0959485,110.435401,113.5087018,113.1658212,110.4983466,104.6525275
Mobile cellular subscriptions (per 100 people),IT.CEL.SETS.P2,Belize,BLZ,22.44380039,27.16515327,33.88909089,40.58511352,39.64853371,52.26985449,51.5349012,60.38438099,67.56148388,51.20953012,50.73348035,48.9914528,58.99055911,61.86061468,..
Mobile cellular subscriptions (per 100 people),IT.CEL.SETS.P2,Benin,BEN,3.140393229,5.926732425,7.469934761,12.84824586,24.26761348,41.68565041,56.27182157,76.90743352,82.07767164,86.41903309,96.2316373,84.19047797,88.1051181,81.7903446,78.50112548
Mobile cellular subscriptions (per 100 people),IT.CEL.SETS.P2,Bermuda,BMU,61.66178511,75.30930608,80.94580071,92.37200867,106.3305184,122.2437137,132.1866787,137.9073113,..,144.0352016,150.2286088,95.36565035,61.28735706,103.6081471,105.9463072
Mobile cellular subscriptions (per 100 people),IT.CEL.SETS.P2,Bhutan,BTN,0.361706291,2.988995474,5.48246449,12.20984547,21.75373167,36.15507526,47.4398775,54.19100903,65.3858827,74.49064833,71.1587911,80.43500659,85.82156655,87.54119321,90.46730476
Mobile cellular subscriptions (per 100 people),IT.CEL.SETS.P2,Bolivia,BOL,14.51513095,20.08074274,26.53472299,30.98178952,34.46940955,52.48620943,66.24200154,72.3847331,82.88339661,92.7161177,100.2446092,98.94133387,94.76091883,92.82077083,99.20033298
Mobile cellular subscriptions (per 100 people),IT.CEL.SETS.P2,Bosnia-Herzegovina,BIH,28.43926317,37.22121595,42.16195561,49.94935795,64.9291203,84.46797866,86.93943593,83.56160151,85.96907179,92.0328107,96.76338329,97.90202025,97.38568949,96.793321,98.09148345
Mobile cellular subscriptions (per 100 people),IT.CEL.SETS.P2,Botswana,BWA,24.66155196,28.58095587,30.37860778,43.68184911,60.16258761,76.3372588,94.65720684,117.298669,141.3838961,147.4993479,152.5382345,157.2696423,157.3117744,146.1602659,141.4078697
Mobile cellular subscriptions (per 100 people),IT.CEL.SETS.P2,Brazil,BRA,25.41249446,35.51236744,46.12216626,52.86352359,63.3315358,78.06102237,86.91075624,100.0679429,117.9533009,123.8145622,133.9368763,137.468532,125.1755852,117.5362334,112.9965568
Mobile cellular subscriptions (per 100 people),IT.CEL.SETS.P2,British Virgin Islands,VGB,..,..,..,..,83.70061866,89.82971411,177.831134,174.5665589,167.008351,170.8337718,183.8036894,185.0885494,189.9345797,..,..
Mobile cellular subscriptions (per 100 people),IT.CEL.SETS.P2,Brunei,BRN,50.18973426,56.3118354,63.78061004,81.40445645,97.67222246,105.1693861,107.5852329,111.9492001,112.4737001,117.5090307,115.5522582,109.8007306,110.9790153,123.6904413,127.0669027
Mobile cellular subscriptions (per 100 people),IT.CEL.SETS.P2,Bulgaria,BGR,44.86061487,61.0818771,81.27426627,108.2421033,130.7987803,138.8622153,140.219688,137.7516108,142.3977664,147.4715073,144.3245321,131.3588553,128.1054159,125.8343483,120.4435385
Mobile cellular subscriptions (per 100 people),IT.CEL.SETS.P2,Burkina Faso (Upper Volta),BFA,1.88147871,3.038539606,4.720289854,7.351160521,13.03701419,20.58683736,25.25328578,36.57655001,47.76859755,60.20140586,65.84120178,71.04746583,79.77028842,82.61118896,93.50293242
Mobile cellular subscriptions (per 100 people),IT.CEL.SETS.P2,Burundi,BDI,0.920451027,1.400079165,2.061081011,2.605748437,3.400686662,5.852028137,10.84633806,19.14044027,21.17083327,24.11154424,26.42481094,32.28189236,49.00052651,50.90988631,54.49630416
Mobile cellular subscriptions (per 100 people),IT.CEL.SETS.P2,Cabo Verde,CPV,11.59238243,14.06565397,17.22011855,22.64125043,31.29114091,56.46878425,58.4794039,74.0212666,78.02691377,82.74851696,96.03004003,116.5149866,114.74068,111.5642375,112.0557186
Mobile cellular subscriptions (per 100 people),IT.CEL.SETS.P2,Cambodia,KHM,3.877563151,6.594772546,8.002893099,12.77710791,18.8884696,30.52481721,44.48479398,56.96353418,94.62861382,129.2907102,134.8926943,133.9287751,134.3667576,126.3484045,116.0421129
Mobile cellular subscriptions (per 100 people),IT.CEL.SETS.P2,Cameroon,CMR,6.521809427,9.026833471,12.92999545,17.51968009,24.65835324,32.58523506,41.18926084,43.24706023,51.10324351,62.17540968,72.33502103,76.61480463,79.53162759,79.85559142,81.92504638
Mobile cellular subscriptions (per 100 people),IT.CEL.SETS.P2,Canada,CAN,42.02314887,47.01181245,52.70258468,57.43244785,61.40957528,66.13620397,70.47060993,75.58210932,77.71010667,79.42532966,80.44136099,80.85723896,82.79621957,84.74001333,85.89566696
Mobile cellular subscriptions (per 100 people),IT.CEL.SETS.P2,Cayman Islands,CYM,45.71130616,71.46028457,166.4781375,185.003298,197.1466309,185.7555833,200.259769,181.180752,171.0475618,171.8164908,167.9532645,153.8886636,155.5025599,157.4195672,..
Mobile cellular subscriptions (per 100 people),IT.CEL.SETS.P2,Central African Republic,CAF,1.004604858,1.479641611,2.422533437,2.617951819,7.951728332,13.11736173,19.60935283,22.01250976,22.17180691,25.45675055,30.23122005,25.59290533,27.330987,27.16972738,..
Mobile cellular subscriptions (per 100 people),IT.CEL.SETS.P2,Chad,TCD,0.694949248,1.266729715,2.086021777,4.472327993,8.522465531,14.37057639,19.83276052,24.18823202,29.82964526,34.64962789,34.72960057,38.70138174,39.01517501,38.64862398,..
Mobile cellular subscriptions (per 100 people),IT.CEL.SETS.P2,Channel Islands,CHI,..,..,..,..,..,..,..,..,..,..,..,..,..,..,..
Mobile cellular subscriptions (per 100 people),IT.CEL.SETS.P2,Chile,CHL,46.00311199,57.97867605,65.45816626,76.29264515,84.61961472,88.80473237,97.74669297,116.8235653,130.0925994,138.3092103,135.4942644,134.4441329,130.64668,130.1112399,127.4632858
Mobile cellular subscriptions (per 100 people),IT.CEL.SETS.P2,China,CHN,20.66477271,25.48113353,29.76687407,34.68664201,40.9414866,47.69694564,55.2645244,63.17336105,72.12191839,80.87231798,88.88624773,92.51732892,92.48087287,97.25213003,104.5816819
Mobile cellular subscriptions (per 100 people),IT.CEL.SETS.P2,Colombia,COL,14.67589637,24.34355004,50.47862531,67.89603009,76.48776421,92.12323077,92.82949837,96.8630146,99.55561322,104.6604421,106.2356297,115.773299,118.8658902,120.6182941,126.8138818
Mobile cellular subscriptions (per 100 people),IT.CEL.SETS.P2,Comoros,COM,0.34292906,1.402814336,2.537984752,5.886897873,9.6792494,13.95875715,18.2095263,23.96403032,30.63225248,39.16611868,46.86446392,50.43554982,54.64019634,57.11267331,54.90372424
Mobile cellular subscriptions (per 100 people),IT.CEL.SETS.P2,"Congo, Democratic Republic Of (Zaire)",COD,2.425032496,3.753655871,5.01556159,7.809046462,11.28427783,16.4602089,15.15565235,18.31951369,23.45080719,29.12882273,39.58703087,50.32761616,49.54653172,36.6912986,43.36139809
Mobile cellular subscriptions (per 100 people),IT.CEL.SETS.P2,Congo,COG,9.421790431,10.64095107,15.01225175,23.87849671,32.38308193,43.90787365,69.3113215,84.77338168,86.0844101,92.44114912,98.07149188,101.2112046,104.4108792,105.8171949,96.1079694
Mobile cellular subscriptions (per 100 people),IT.CEL.SETS.P2,Costa Rica,CRI,18.86341421,22.04622934,25.92622935,33.50628969,34.51721479,42.59096044,43.453737,68.82682695,90.27476299,115.5552433,151.1129417,147.5628235,156.7352531,171.5090398,180.2029814
Mobile cellular subscriptions (per 100 people),IT.CEL.SETS.P2,Cote D'Ivoire,CIV,7.244019932,9.303013523,12.81304634,21.74087613,39.1267478,53.59033492,66.13195203,76.46091326,83.00542643,84.50379327,88.27563771,98.10586139,109.9493294,115.8480074,130.6752817
Mobile cellular subscriptions (per 100 people),IT.CEL.SETS.P2,Croatia,HRV,57.81114646,64.6795562,83.36346466,100.5605739,115.4120817,104.6491062,107.6923874,113.867324,118.5879907,115.7062939,110.3606615,104.7872559,104.2408716,104.7725932,103.0130428
Mobile cellular subscriptions (per 100 people),IT.CEL.SETS.P2,Cuba,CUB,0.314418511,0.672738057,1.201089696,1.351910854,1.75387022,2.93318493,5.487921565,8.850352831,11.58239914,14.77441073,17.48745878,22.12240861,29.10060453,34.74996737,40.17351529
Mobile cellular subscriptions (per 100 people),IT.CEL.SETS.P2,Curacao,CUW,..,..,..,..,..,..,139.7157011,138.2201507,136.987775,133.805275,131.3806127,123.0378501,120.5550282,117.1129001,..
Mobile cellular subscriptions (per 100 people),IT.CEL.SETS.P2,Cyprus,CYP,55.27790635,64.79829104,75.78090348,82.77911008,92.9655393,129.4054983,121.1152274,124.9330675,128.4975265,128.5953235,127.5810419,130.1924519,131.7901791,133.4172747,138.4797599
Mobile cellular subscriptions (per 100 people),IT.CEL.SETS.P2,Czech Republic,CZE,94.81805209,105.3032774,114.7950474,120.4685575,127.7315807,132.1991302,124.5619345,122.7576776,124.5913056,127.72469,129.4947813,131.2739149,117.4543054,117.6619297,118.9920555
Mobile cellular subscriptions (per 100 people),IT.CEL.SETS.P2,Denmark,DNK,88.4931932,95.63465791,100.5072946,107.0505628,115.3208334,119.2657784,123.654185,115.5890246,128.4855486,129.9803588,124.714087,126.4184626,124.4441651,122.2898105,121.7107513
Mobile cellular subscriptions (per 100 people),IT.CEL.SETS.P2,Djibouti,DJI,3.031840921,4.473812588,5.62435685,5.628805538,8.591404518,13.71288585,15.38836576,19.45764886,22.29365416,24.11162242,27.22496565,31.46901215,33.89532614,36.63736705,38.98201121
Mobile cellular subscriptions (per 100 people),IT.CEL.SETS.P2,Dominica,DMA,33.93491504,59.44670996,73.62623359,100.9787168,125.440451,128.0355686,138.2863721,147.7701568,151.8781896,151.7128422,129.2472376,101.5224381,105.5930674,106.6641285,..
Mobile cellular subscriptions (per 100 people),IT.CEL.SETS.P2,Dominican Republic,DOM,23.32705157,27.83767502,39.22341664,49.1462265,58.00351691,74.82455285,88.35000826,89.84437742,87.47079787,87.97872959,89.48687014,79.79685261,83.55734977,81.77577154,81.44449363
Mobile cellular subscriptions (per 100 people),IT.CEL.SETS.P2,Ecuador,ECU,18.04539504,26.23439384,45.47670942,60.74861034,69.97296742,80.87509159,90.13348399,98.96911151,101.0236303,106.725658,106.159366,104.4181604,80.17527227,84.72519003,83.49883049
Mobile cellular subscriptions (per 100 people),IT.CEL.SETS.P2,Egypt,EGY,7.836412296,10.13911841,17.75192835,23.03137827,37.83594714,51.00022567,67.12207389,84.01262188,97.12166915,110.2325598,111.0208506,103.8158916,100.2537691,102.1975013,105.5406134
Mobile cellular subscriptions (per 100 people),IT.CEL.SETS.P2,El Salvador,SLV,19.25451329,30.53903871,40.0027965,63.59489789,100.8861054,113.753856,123.2834404,124.9116491,134.2926027,139.0235975,143.8525003,146.3630851,147.867953,151.8941098,156.5132655
Mobile cellular subscriptions (per 100 people),IT.CEL.SETS.P2,Equatorial Guinea,GNQ,5.97456706,8.54008667,12.79517032,15.14736493,18.08695484,20.72734559,21.99951381,41.98173912,48.16099931,48.2457517,47.13124662,45.73481704,45.37527576,47.12686964,..
Mobile cellular subscriptions (per 100 people),IT.CEL.SETS.P2,Eritrea,ERI,0,0.518319618,1.01884426,1.524498801,2.030851374,2.566509381,3.274224225,4.219579853,5.406832652,6.693368548,7.62941631,8.794691159,9.799924737,10.21263885,..
Mobile cellular subscriptions (per 100 people),IT.CEL.SETS.P2,Estonia,EST,76.49749546,92.09175947,106.6132211,122.9306817,125.130871,121.2547921,117.5701998,124.0752585,135.9536572,150.9320464,145.8445322,143.9327983,144.7209464,144.6098951,145.4168041
Mobile cellular subscriptions (per 100 people),IT.CEL.SETS.P2,Eswatini,SWZ,7.81686825,13.24136823,18.08525934,22.31118933,33.37918579,45.87491382,56.27560506,60.3405432,62.56151766,64.49503989,70.23443989,70.79006437,71.34133074,74.08245713,..
Mobile cellular subscriptions (per 100 people),IT.CEL.SETS.P2,Ethiopia,ETH,0.070747671,0.208422432,0.535182603,1.099166045,1.491965306,2.349617765,4.743480143,7.815041435,15.68813762,22.20138502,27.02864387,31.31458376,42.3654191,50.02187627,59.65942118
Mobile cellular subscriptions (per 100 people),IT.CEL.SETS.P2,Faroe Islands,FRO,79.26376787,85.7819413,87.04980843,103.2697435,107.6803996,113.1483964,117.4701651,122.4428424,120.2991277,120.6632968,118.4708803,119.3276279,108.6755846,110.9330782,..
Mobile cellular subscriptions (per 100 people),IT.CEL.SETS.P2,Fiji,FJI,13.45557586,17.37512128,24.94472614,34.40382108,63.49309785,71.14568264,75.12028048,81.15820687,83.84404776,98.30734115,105.7622071,98.91285451,108.2722729,116.2362588,114.1814154
Mobile cellular subscriptions (per 100 people),IT.CEL.SETS.P2,Finland,FIN,90.81753315,95.15116311,100.2105563,107.4358085,114.7599836,128.3858236,144.1233426,156.361179,165.8860374,172.178726,136.3200932,139.2489757,134.91875,133.8528678,132.3102365
Mobile cellular subscriptions (per 100 people),IT.CEL.SETS.P2,France,FRA,68.87189627,73.1589461,78.53166302,83.87657249,89.34353008,93.00882838,92.39159417,91.68330775,94.43104231,97.83174772,99.06771312,101.9229627,103.4500397,104.4040167,106.2134196
Mobile cellular subscriptions (per 100 people),IT.CEL.SETS.P2,French Polynesia,PYF,24.18520799,38.1292821,47.079871,58.95311676,67.09555861,71.109777,78.41713074,80.61011127,82.57653524,83.76830583,88.98357755,92.60900815,96.63077533,99.96538286,..
Mobile cellular subscriptions (per 100 people),IT.CEL.SETS.P2,Gabon,GAB,22.58787814,35.87195473,52.50348151,62.15113881,78.49889168,84.61277614,91.3815248,98.15816267,139.6632846,145.5887551,151.0632701,156.3528642,146.1813048,149.6366779,131.5092757
Mobile cellular subscriptions (per 100 people),IT.CEL.SETS.P2,"Gambia, The",GMB,11.02500823,12.51275407,17.13594478,27.11866567,52.00199335,73.40781532,80.07477616,87.36506064,80.23320467,84.68840952,99.43689212,119.0754552,137.3222963,139.2261765,..
Mobile cellular subscriptions (per 100 people),IT.CEL.SETS.P2,Georgia,GEO,15.53202148,18.54365743,26.17398191,38.38540033,59.21178171,63.47374988,66.16607148,94.01135866,106.2112707,114.3842118,123.4115193,135.2780045,140.4706134,140.9249491,146.486085
Mobile cellular subscriptions (per 100 people),IT.CEL.SETS.P2,German Federal Republic,DEU,79.32767834,87.280701,97.06110232,105.042469,118.3029902,130.0651266,129.6846864,109.2777489,112.3137649,113.9808799,123.0958333,122.1381952,117.9324532,126.3143677,129.0884756
Mobile cellular subscriptions (per 100 people),IT.CEL.SETS.P2,Ghana,GHA,3.890729602,8.07660683,13.34397363,23.54787646,33.49771799,49.66139655,63.20709011,71.13607628,84.25290533,99.5545728,106.3774956,112.6034309,126.920981,135.8012103,127.4614479
Mobile cellular subscriptions (per 100 people),IT.CEL.SETS.P2,Gibraltar,GIB,50.1261034,57.66240281,62.33442419,68.11989101,73.82343894,79.43297079,86.7823765,90.39139474,97.29082473,103.3518722,..,111.6399318,121.0733902,119.5535922,118.6977525
Mobile cellular subscriptions (per 100 people),IT.CEL.SETS.P2,Greece,GRC,79.47835416,82.73239746,90.79029102,96.83436563,108.0311332,120.8385863,116.1769733,107.3974369,106.1734399,117.4193903,110.5760381,107.8108602,112.0241848,112.1177165,115.9262469
Mobile cellular subscriptions (per 100 people),IT.CEL.SETS.P2,Greenland,GRL,52.45997037,68.64634811,81.61401907,94.60953819,116.6406099,98.1967242,94.2532788,101.2553409,103.8725421,105.2859926,107.065622,107.8358341,108.2001525,..,..
Mobile cellular subscriptions (per 100 people),IT.CEL.SETS.P2,Grenada,GRD,41.31184371,42.19237064,45.5157408,44.73508362,49.60226285,57.7523333,109.710823,116.4974159,115.0178444,123.1615172,125.5795069,110.1457315,112.1172407,110.8612801,104.9635984
Mobile cellular subscriptions (per 100 people),IT.CEL.SETS.P2,Guam,GUM,50.59791775,61.98647683,..,..,..,..,..,..,..,..,..,..,..,..,..
Mobile cellular subscriptions (per 100 people),IT.CEL.SETS.P2,Guatemala,GTM,16.27758555,24.75794771,34.43843431,53.58468846,86.84171265,106.7274695,120.8941572,123.4959332,130.3044387,136.1207765,139.2412094,106.2062256,111.4995795,110.1435498,118.1687909
Mobile cellular subscriptions (per 100 people),IT.CEL.SETS.P2,Guinea,GIN,1.197656503,1.632205082,1.952530774,..,19.8083993,26.63917633,33.0506519,37.05704098,44.04635361,49.50330493,64.45973104,73.55464301,89.02097029,87.12541316,..
Mobile cellular subscriptions (per 100 people),IT.CEL.SETS.P2,Guinea-Bissau,GNB,0.096503033,2.921549678,7.156885891,11.13707457,20.48627968,33.77513183,36.92680079,43.53581253,45.89995702,64.04786163,55.89722241,64.22140248,69.95056836,70.81766902,77.08779374
Mobile cellular subscriptions (per 100 people),IT.CEL.SETS.P2,Guyana,GUY,18.34856894,22.83716401,37.4684731,53.36172177,72.04122647,59.99740056,65.51395816,75.06429524,70.5856361,72.64022542,73.21579092,74.26122587,70.60352837,75.60542245,82.68979339
Mobile cellular subscriptions (per 100 people),IT.CEL.SETS.P2,Haiti,HTI,3.56484316,4.386360262,5.399742902,12.75312699,26.15914028,32.97259596,37.02474507,40.00153206,41.39948393,59.23629705,68.63836033,64.02774906,68.15384582,59.95952554,59.06942656
Mobile cellular subscriptions (per 100 people),IT.CEL.SETS.P2,Honduras,HND,5.393398553,9.816573857,17.37945569,29.71270874,54.29228337,78.88963295,104.427294,115.9893654,96.53514297,86.64872721,89.71388178,87.69329756,89.81744881,85.95321319,88.86604921
Mobile cellular subscriptions (per 100 people),IT.CEL.SETS.P2,"Hong Kong SAR, China",HKG,108.3542214,120.7473999,125.1399251,137.662134,155.8568172,166.853171,180.3906679,196.3458374,216.4353864,230.6025316,237.4339291,235.725992,230.8187986,240.7962077,249.0242819
Mobile cellular subscriptions (per 100 people),IT.CEL.SETS.P2,Hungary,HUN,78.3338638,86.27897295,92.40105428,99.1032426,110.0364559,122.3492851,118.4109216,120.9913032,118.101597,117.3231585,117.7675557,119.4954722,120.4609193,120.7789256,123.7552537
Mobile cellular subscriptions (per 100 people),IT.CEL.SETS.P2,Iceland,ISL,97.12382619,99.64411344,95.97564572,100.731997,106.8473132,108.3754712,107.4754972,106.4774231,106.3901824,108.167704,108.9395742,112.6615498,116.2534861,120.7953103,122.5765241
Mobile cellular subscriptions (per 100 people),IT.CEL.SETS.P2,India,IND,3.040537299,4.63709626,7.87855334,14.29029122,19.80365477,28.97639365,43.2432608,61.10493897,71.66746768,68.46206123,69.32038505,72.96069065,76.4717128,85.1709257,87.2849181
Mobile cellular subscriptions (per 100 people),IT.CEL.SETS.P2,Indonesia,IDN,8.386149336,13.56646675,20.69137097,27.7599696,40.08207447,59.52687753,68.38666086,87.12132731,101.6678806,113.2915475,124.2804831,127.6139203,131.2928284,147.6639506,173.840223
Mobile cellular subscriptions (per 100 people),IT.CEL.SETS.P2,Iran (Persia),IRN,5.01342826,7.290849518,12.08505274,21.60009395,41.32936851,59.02900688,71.32139595,72.4870165,74.23742425,76.06909129,84.25892096,87.85893583,93.52111839,100.3024773,107.3232083
Mobile cellular subscriptions (per 100 people),IT.CEL.SETS.P2,Iraq,IRQ,0.312163132,2.181132075,5.676006443,33.74034476,49.38717208,60.21348944,67.29255788,75.62537503,80.43293526,81.63148,95.77033065,94.26933835,92.92093851,89.90507431,87.09509785
Mobile cellular subscriptions (per 100 people),IT.CEL.SETS.P2,Ireland,IRL,86.42942038,93.49078861,101.3535085,108.9874912,113.0203842,112.4407379,102.9866701,101.6111338,105.2282867,107.1729501,104.2466126,104.828345,104.2956894,103.1535239,102.8816649
Mobile cellular subscriptions (per 100 people),IT.CEL.SETS.P2,Isle of Man,IMN,..,..,..,..,..,..,..,..,..,..,..,..,..,..,..
Mobile cellular subscriptions (per 100 people),IT.CEL.SETS.P2,Israel,ISR,104.2341475,111.6424199,117.4774382,124.4041822,128.5917242,126.5532074,124.1349799,122.6912241,121.5520506,119.8191218,121.4662123,119.6273319,131.0674983,129.0310295,126.6587916
Mobile cellular subscriptions (per 100 people),IT.CEL.SETS.P2,Italy/Sardinia,ITA,97.63180194,107.2746688,121.5810991,136.1174311,151.4005806,151.8275276,150.9558833,156.8163246,160.7112234,162.7028059,162.3367752,150.8997247,147.3697996,144.6340143,141.2932687
Mobile cellular subscriptions (per 100 people),IT.CEL.SETS.P2,Jamaica,JAM,58.11441871,67.3397643,72.19308092,82.40652485,96.71637242,97.6058753,105.41992,112.948449,104.0962109,95.56302869,99.80324755,105.0104347,109.2369463,113.3960932,106.9516337
Mobile cellular subscriptions (per 100 people),IT.CEL.SETS.P2,Japan,JPN,67.66338147,71.34498772,75.18091196,77.72613321,83.52888241,85.87674815,90.45531626,95.90457309,103.3117099,109.8911887,115.2554186,123.1687362,125.4618376,130.6103289,133.4503926
Mobile cellular subscriptions (per 100 people),IT.CEL.SETS.P2,Jordan,JOR,24.55750417,29.33939351,54.91142892,73.18722962,77.04656614,81.87534265,88.17275648,92.1698766,98.78042647,112.4075063,122.588936,125.9168883,150.6443177,103.835148,..
Mobile cellular subscriptions (per 100 people),IT.CEL.SETS.P2,Kazakhstan,KAZ,8.736223787,15.90415546,34.73290825,49.55583381,77.7880175,93.18423221,105.4314641,118.3159241,151.620255,178.6837667,176.4656621,163.5176199,148.2243479,141.9567198,145.4200964
Mobile cellular subscriptions (per 100 people),IT.CEL.SETS.P2,Kenya,KEN,4.660841751,7.259193183,12.79386694,19.81082558,29.79950406,41.64554959,48.12600547,60.3840368,66.09286937,70.41037236,71.00655904,73.07589151,79.84532391,80.43938819,86.14733981
Mobile cellular subscriptions (per 100 people),IT.CEL.SETS.P2,Kiribati,KIR,0.59170932,0.679242782,0.70403466,0.742626777,0.778727248,1.015847217,9.851046058,10.32127966,13.17459104,16.88349451,18.42723545,27.15964439,36.47459678,45.45653219,39.62525129
Mobile cellular subscriptions (per 100 people),IT.CEL.SETS.P2,"Korea, Dem. People’s Rep.",PRK,0,0,0,0,0,0,0.283125293,1.7563681,4.044931422,6.839935923,9.685433141,11.14811089,12.83477521,14.21441135,..
Mobile cellular subscriptions (per 100 people),IT.CEL.SETS.P2,"Korea, Republic Of",KOR,69.59854948,75.43814051,78.71793498,82.20967446,90.43409775,92.66136634,97.09394691,102.4506883,105.5526243,107.3513875,108.992757,113.7039183,116.4870829,120.679705,124.8645076
Mobile cellular subscriptions (per 100 people),IT.CEL.SETS.P2,Kosovo,XKX,..,..,32.30209935,32.30209935,32.30209935,32.30209935,32.30209935,32.30209935,..,..,..,..,..,..,..
Mobile cellular subscriptions (per 100 people),IT.CEL.SETS.P2,Kuwait,KWT,65.46439613,80.37210267,60.70763583,49.61905691,56.9780819,56.55051766,92.88647253,132.7229766,154.6249182,150.1963154,178.1354691,200.92797,148.5427083,133.0708012,124.1713824
Mobile cellular subscriptions (per 100 people),IT.CEL.SETS.P2,Kyrgyz Republic,KGZ,2.758810431,5.227842631,10.67214672,24.61134095,41.7812329,64.49689052,84.01623283,97.29157373,113.9924247,121.5180687,118.5382582,130.9785705,129.2228613,127.8352593,121.915374
Mobile cellular subscriptions (per 100 people),IT.CEL.SETS.P2,Lao PDR,LAO,2.012220825,3.604682056,11.42726849,17.25942138,24.8480996,33.41159151,52.57839844,64.0925294,86.53765295,67.02863167,71.02273488,70.22973218,55.93007889,58.57211069,54.12257807
Mobile cellular subscriptions (per 100 people),IT.CEL.SETS.P2,Latvia,LVA,52.89111036,67.43351376,83.10906432,98.13380502,100.8410211,105.8349882,107.3784709,108.8374437,110.3468446,127.3183364,125.3439854,118.2466365,129.97682,134.4954403,126.3866193
Mobile cellular subscriptions (per 100 people),IT.CEL.SETS.P2,Lebanon,LBN,21.49041568,22.89370629,24.9208398,27.26979432,30.83348791,34.71135212,57.14147404,66.02653684,75.33506467,76.38039917,73.62930057,78.29834995,79.59784184,81.41840951,..
Mobile cellular subscriptions (per 100 people),IT.CEL.SETS.P2,Lesotho,LSO,6.566404097,10.14687691,12.8125412,18.20826775,24.33830217,29.66183816,32.73559102,48.39124335,59.70227201,73.91713973,84.55313005,99.67396547,98.41335022,103.5890392,106.6028937
Mobile cellular subscriptions (per 100 people),IT.CEL.SETS.P2,Liberia,LBR,1.516253759,2.970960335,4.906124376,8.294236868,16.02649866,23.33138502,28.46790054,39.79884122,49.6450637,56.91412517,59.51007526,73.45595967,81.16239123,67.55790155,..
Mobile cellular subscriptions (per 100 people),IT.CEL.SETS.P2,Libya,LBY,2.26141534,8.764612142,34.52628555,66.77897486,75.37231411,121.9068216,155.7590009,176.6858914,161.4595687,154.6724902,165.1928592,136.9589311,156.3295966,121.7187359,..
Mobile cellular subscriptions (per 100 people),IT.CEL.SETS.P2,Liechtenstein,LIE,72.84170042,73.70794311,78.91369218,81.93474854,90.6319008,95.66416252,97.85830118,98.6028942,101.9468343,98.72759611,104.3248086,109.494438,109.4831965,117.6073913,122.9497389
Mobile cellular subscriptions (per 100 people),IT.CEL.SETS.P2,Lithuania,LTU,61.56972099,90.24115692,130.1770022,142.8173387,150.6730027,156.2432593,156.5748183,156.5713011,160.3308699,164.5327708,152.3345747,144.0855466,142.7066372,144.5781293,150.8955308
Mobile cellular subscriptions (per 100 people),IT.CEL.SETS.P2,Luxembourg,LUX,120.4948561,104.0239565,111.3921396,153.1508697,144.189652,145.7416436,145.079683,143.1415132,147.1268856,143.0001108,144.7293201,144.2345717,142.3577966,132.6971743,136.0859021
Mobile cellular subscriptions (per 100 people),IT.CEL.SETS.P2,"Macao SAR, China",MAC,79.1118925,91.72706505,110.4026658,128.992743,157.6591382,181.3161517,197.4784557,208.999216,246.2864849,286.820993,299.0834275,315.304502,315.520799,321.8030374,..
Mobile cellular subscriptions (per 100 people),IT.CEL.SETS.P2,Macedonia (Former Yugoslav Republic Of),MKD,37.79050231,47.91334374,54.89595549,61.25798235,86.87821297,95.17035588,93.91631986,103.9930672,106.7960411,107.7830857,107.7808915,107.0731338,100.2055972,98.52431715,101.8551143
Mobile cellular subscriptions (per 100 people),IT.CEL.SETS.P2,Madagascar (Malagasy),MDG,1.641667256,1.875459508,2.782770794,5.539582383,11.41127113,24.18046406,30.54967201,36.45921073,39.92270217,39.28387588,36.84972867,41.17831685,44.12695456,32.12852885,34.14232861
Mobile cellular subscriptions (per 100 people),IT.CEL.SETS.P2,Malawi,MWI,1.095221108,1.752400868,3.229849189,4.617997623,7.592329699,10.56449638,16.8923767,20.55346789,25.28582411,28.86752783,31.91166731,32.99881339,37.36687067,39.67804904,41.73804958
Mobile cellular subscriptions (per 100 people),IT.CEL.SETS.P2,Malaysia,MYS,45.05704492,58.03979001,76.1709367,74.44937695,87.68548003,102.2202407,109.1960941,120.4409218,128.0291117,141.6662804,144.7652053,148.6323102,143.5529652,139.3677836,133.8797956
Mobile cellular subscriptions (per 100 people),IT.CEL.SETS.P2,Maldives,MDV,21.99338868,36.48118857,63.86355368,82.79688793,93.29574196,126.2489349,129.1308064,135.6203242,141.4036697,145.1430983,157.3139707,163.0919517,176.8127858,189.8577694,206.2934018
Mobile cellular subscriptions (per 100 people),IT.CEL.SETS.P2,Mali,MLI,2.059311654,3.283280231,5.953590984,11.43827534,18.50660951,24.32108832,30.53786587,49.35549617,69.63475748,91.29216133,119.8542853,138.5708448,129.9464074,112.3527654,..
Mobile cellular subscriptions (per 100 people),IT.CEL.SETS.P2,Malta,MLT,71.92065693,75.5707926,79.64364643,84.87577191,89.81439058,93.57189999,101.9413349,109.4852323,124.710601,126.4833444,131.5197308,128.3523275,122.5774994,131.4953349,129.9824759
Mobile cellular subscriptions (per 100 people),IT.CEL.SETS.P2,Marshall Islands,MHL,1.147440325,1.236701617,1.267889732,..,..,..,..,..,..,..,..,29.30167492,29.24859418,..,..
Mobile cellular subscriptions (per 100 people),IT.CEL.SETS.P2,Mauritania,MRT,11.86811344,17.16826776,23.81608703,32.9163682,42.6836701,61.39301038,62.23815614,76.90862805,89.16243821,105.0973059,101.0649567,92.35737908,87.13978607,84.03061787,92.17166073
Mobile cellular subscriptions (per 100 people),IT.CEL.SETS.P2,Mauritius,MUS,38.24708807,45.05678729,53.75011354,62.89359644,75.25842626,83.37818417,87.35747863,95.4281204,103.443342,118.5443097,122.1709724,131.4011322,139.9254916,143.725062,145.399158
Mobile cellular subscriptions (per 100 people),IT.CEL.SETS.P2,Mexico,MEX,28.4906957,35.93712368,43.44775328,50.31725357,59.51505426,66.25221758,72.02580822,77.89321334,79.42164707,83.36393226,87.11513352,84.48477479,85.54092479,87.60369095,88.51342699
Mobile cellular subscriptions (per 100 people),IT.CEL.SETS.P2,"Micronesia, Fed. Sts.",FSM,5.494495207,11.99320679,13.27168632,17.61477613,26.11012771,26.32133081,26.45248172,26.55767449,26.67491398,30.15661382,30.27231876,..,21.54970172,22.31052917,21.89987114
Mobile cellular subscriptions (per 100 people),IT.CEL.SETS.P2,Moldova,MDA,11.40897382,18.88949454,26.21161368,32.76816584,45.60402204,58.9432413,52.1579135,62.44592642,78.90533795,87.98586937,90.78749223,91.84719968,91.3220675,93.32157194,90.41659632
Mobile cellular subscriptions (per 100 people),IT.CEL.SETS.P2,Monaco,MCO,45.79297361,47.2774209,50.87148226,53.20564985,58.10144969,61.36167127,62.95505556,63.12072033,84.77744886,87.85697271,93.3975929,88.31165425,88.80883389,86.48796073,85.22548133
Mobile cellular subscriptions (per 100 people),IT.CEL.SETS.P2,Mongolia,MNG,12.91871415,17.16955726,22.05497367,30.2930557,46.09317544,67.08866491,84.28708435,92.54677161,106.5470198,119.9336869,100.2954578,103.5345648,103.0662671,111.236547,126.3528292
Mobile cellular subscriptions (per 100 people),IT.CEL.SETS.P2,Montenegro,MNE,..,78.64259646,88.12955476,104.1838234,145.2822026,186.4170443,207.7808211,187.4144021,185.3197456,158.1882418,158.493304,161.4366694,160.4465613,165.5619099,166.0954592
Mobile cellular subscriptions (per 100 people),IT.CEL.SETS.P2,Morocco,MAR,24.66118998,30.93803581,40.60409743,51.84667987,64.14326629,72.20874989,79.12110814,98.68137994,111.2454424,117.047408,125.4222727,128.5460359,123.7804138,117.6805988,122.8779577
Mobile cellular subscriptions (per 100 people),IT.CEL.SETS.P2,Mozambique,MOZ,2.210102372,3.485503285,7.187965246,10.85657741,13.88015722,19.28066118,25.38158906,29.82558609,31.49822938,34.29186085,46.91350337,67.91995644,71.88302495,52.11887306,40.0268713
Mobile cellular subscriptions (per 100 people),IT.CEL.SETS.P2,Myanmar (Burma),MMR,0.139668552,0.192313025,0.265455984,0.438545472,0.50362622,0.7425017,1.008028202,1.184307424,2.460028559,7.314908801,13.28011579,55.9071725,78.22680698,95.65321489,89.84575762
Mobile cellular subscriptions (per 100 people),IT.CEL.SETS.P2,Namibia,NAM,11.2593536,14.23905102,22.08728882,29.61696406,38.47609157,49.94362352,76.34747127,89.73398308,99.04649757,94.82754356,117.7590955,112.6525522,105.1227737,107.2685024,104.5015104
Mobile cellular subscriptions (per 100 people),IT.CEL.SETS.P2,Nauru,NRU,..,..,..,..,..,..,..,61.84538653,65.63479624,64.89788128,..,..,83.48134991,87.24773068,..
Mobile cellular subscriptions (per 100 people),IT.CEL.SETS.P2,Nepal,NPL,0.328116055,0.461400799,0.886557939,4.460579929,12.46963219,15.86350796,20.93361669,34.02847715,48.86890315,60.06751194,76.33393734,81.28074044,96.02102255,110.8255142,123.1748796
Mobile cellular subscriptions (per 100 people),IT.CEL.SETS.P2,Netherlands,NLD,81.4766985,90.86900361,96.74251327,105.205392,116.8288276,124.4935189,121.1829535,114.9619098,118.4758716,117.4393259,115.6018288,115.8244281,122.8506375,122.9740047,120.5216877
Mobile cellular subscriptions (per 100 people),IT.CEL.SETS.P2,New Caledonia,NCL,43.15634638,50.87446425,57.70222532,65.55712987,73.43969283,80.59281501,84.71462696,87.95954381,89.26124159,89.43955087,91.83279939,91.56412314,96.72452813,..,..
Mobile cellular subscriptions (per 100 people),IT.CEL.SETS.P2,New Zealand,NZL,64.61848367,74.18321268,85.36147441,90.83529368,100.4265381,107.9861862,108.7086751,107.7787912,109.0901272,110.1674828,105.5001996,111.6780169,121.3557518,124.4412748,136.0018598
Mobile cellular subscriptions (per 100 people),IT.CEL.SETS.P2,Nicaragua,NIC,8.905109238,13.91083456,20.80890029,33.58071825,45.3138893,55.55453868,59.02259228,69.05608723,83.05240176,99.56806987,114.5176544,117.5235039,119.436192,125.944759,131.5604252
Mobile cellular subscriptions (per 100 people),IT.CEL.SETS.P2,Niger,NER,0.650753306,1.313482459,2.378046134,3.417759784,6.13566445,12.46100985,16.43489502,22.33483047,27.79361365,30.42889336,38.0232202,43.01392208,45.02696768,36.14282735,40.87508383
Mobile cellular subscriptions (per 100 people),IT.CEL.SETS.P2,Nigeria,NGA,2.386460977,6.756012041,13.37776726,22.66410079,27.58942225,41.89530128,48.26244261,55.05028776,58.42891482,67.41160544,74.05377882,78.74868224,83.24795074,82.98428235,75.91962422
Mobile cellular subscriptions (per 100 people),IT.CEL.SETS.P2,Northern Mariana Islands,MNP,27.61561508,31.18042124,..,..,..,..,..,..,..,..,..,..,..,..,..
Mobile cellular subscriptions (per 100 people),IT.CEL.SETS.P2,Norway,NOR,88.85634163,98.40233621,102.6355658,104.1909494,106.737833,109.2173612,110.925095,114.6014289,115.7218204,115.6722646,112.1122467,111.6267284,109.905197,108.8310756,107.8386801
Mobile cellular subscriptions (per 100 people),IT.CEL.SETS.P2,Oman,OMN,24.90299779,32.98004582,53.0896929,70.38444966,93.88747473,116.6847649,137.7260798,151.4447995,148.5588465,152.3270789,151.352681,156.3818805,158.2608499,155.1780638,149.7738911
Mobile cellular subscriptions (per 100 people),IT.CEL.SETS.P2,Pakistan,PAK,1.627856897,3.331276035,8.2978563,21.96554836,39.20385834,53.78713406,56.47546674,58.15298907,62.51685134,67.53425985,70.29633031,73.16883304,66.4797217,70.64521655,73.35732631
Mobile cellular subscriptions (per 100 people),IT.CEL.SETS.P2,Palau,PLW,19.91878173,19.81417895,30.39786999,41.70497701,53.14674886,57.67747676,62.64870711,70.89399121,74.97936793,82.62356682,85.7791587,90.61344458,111.5323187,..,..
Mobile cellular subscriptions (per 100 people),IT.CEL.SETS.P2,Panama,PAN,21.57583229,38.53592905,52.5073826,64.10707257,87.16859396,111.3466323,169.4895352,182.430497,181.6565537,164.6876784,161.6438042,176.8984315,144.6603375,127.4570235,145.8463856
Mobile cellular subscriptions (per 100 people),IT.CEL.SETS.P2,Papua New Guinea,PNG,0.291146291,0.784076389,1.187703186,1.54553008,4.52630553,12.87720524,20.40384043,26.85725677,33.01534058,36.45619416,39.51077755,43.3083176,44.95048817,46.77803599,..
Mobile cellular subscriptions (per 100 people),IT.CEL.SETS.P2,Paraguay,PRY,31.56848759,30.66493213,32.55977834,54.95417485,78.683136,95.76065752,91.69041213,95.34581764,103.7381333,106.4974098,109.0872352,111.4869645,111.6411078,111.3625428,109.645417
Mobile cellular subscriptions (per 100 people),IT.CEL.SETS.P2,Peru,PER,10.87820737,15.0057892,20.22192354,32.62976126,54.4919146,73.15078776,85.16923276,99.11996965,109.0773757,97.44391436,97.47292359,102.9273194,109.1123083,116.2376413,120.9849191
Mobile cellular subscriptions (per 100 people),IT.CEL.SETS.P2,Philippines,PHL,27.10951497,38.89520684,40.3121444,48.8204016,64.22059996,75.05869742,81.96261716,88.71560124,98.85792556,105.2770519,104.4095161,111.2123315,115.8496776,116.2375503,110.3956258
Mobile cellular subscriptions (per 100 people),IT.CEL.SETS.P2,Poland,POL,45.26991017,60.15216507,76.02806072,95.83844839,107.9812735,114.6133733,116.9126784,122.5155089,130.8950481,141.1531141,148.717357,148.6047498,142.5242595,138.6595006,130.5414371
Mobile cellular subscriptions (per 100 people),IT.CEL.SETS.P2,Portugal,PRT,95.38092133,100.4068285,108.3438682,115.3442973,126.7851539,131.8912545,110.6416365,114.6264462,116.0867004,112.6230069,113.899737,113.6036305,112.4415545,111.5744425,113.8883699
Mobile cellular subscriptions (per 100 people),IT.CEL.SETS.P2,Puerto Rico,PRI,45.12651336,48.93409234,52.94166701,58.55602748,64.92241656,68.08702742,72.78526787,78.94082185,83.85177816,82.47827766,83.63723706,87.17936597,87.24088991,88.66581259,92.52745807
Mobile cellular subscriptions (per 100 people),IT.CEL.SETS.P2,Qatar,QAT,54.68234905,64.61484737,82.87590058,91.03220366,106.2685719,102.8894254,122.5040546,122.8564638,117.9385919,123.3053402,147.0958772,139.2265645,150.7318241,142.1345363,148.2946608
Mobile cellular subscriptions (per 100 people),IT.CEL.SETS.P2,Romania,ROU,32.39874933,47.31281741,62.31219628,75.27329464,96.97609981,117.525101,121.7385526,119.176059,115.4094421,113.2304361,114.1607063,114.756436,116.3175572,115.78473,114.5873742
Mobile cellular subscriptions (per 100 people),IT.CEL.SETS.P2,Russia (Soviet Union),RUS,24.9923652,51.18013339,83.55487851,105.1290236,119.594712,139.4449929,160.7698335,166.037583,142.2211191,145.0733488,152.0226901,153.7480762,157.9618048,159.154605,157.8875348
Mobile cellular subscriptions (per 100 people),IT.CEL.SETS.P2,Rwanda,RWA,1.505930754,1.556636221,2.479810626,3.412787376,6.722874712,13.62395937,24.3474332,34.6327288,42.27999221,52.7465802,60.45247824,68.28360712,75.32206096,74.86072592,72.23888424
Mobile cellular subscriptions (per 100 people),IT.CEL.SETS.P2,Samoa,WSM,5.910098952,8.94949687,13.33859467,25.12507317,47.17860944,..,..,48.33382562,..,53.01542332,52.36347814,55.39757658,62.19943332,77.39039078,63.23101201
Mobile cellular subscriptions (per 100 people),IT.CEL.SETS.P2,San Marino,SMR,59.31073208,59.18727915,58.65253078,58.72222597,58.37808987,80.39932786,97.48071477,98.31886853,112.5730066,112.8031585,113.8593939,115.1361117,111.1165049,110.1406499,113.7724551
Mobile cellular subscriptions (per 100 people),IT.CEL.SETS.P2,Sao Tome and Principe,STP,3.247917397,5.096434141,7.680395811,11.56356698,18.45420935,30.28583753,47.32016884,58.7780931,64.33892617,66.80117448,67.00473148,67.18392187,94.58867928,89.06357861,84.9843633
Mobile cellular subscriptions (per 100 people),IT.CEL.SETS.P2,Saudi Arabia,SAU,32.08941133,39.50151729,59.2503514,80.15200074,112.4638052,138.7776847,168.2739848,188.0149645,191.2315382,182.2160128,177.3415571,171.347033,167.3030551,148.5096847,122.0799835
Mobile cellular subscriptions (per 100 people),IT.CEL.SETS.P2,Senegal,SEN,7.332243775,10.23475476,15.37698958,25.80846384,30.5789074,44.15889863,54.98795028,64.59870756,70.31750459,83.70587892,93.01327449,98.85617537,99.88304062,98.53922503,99.41831103
Mobile cellular subscriptions (per 100 people),IT.CEL.SETS.P2,Yugoslavia (Serbia),SRB,..,51.08504837,73.72001754,89.37585492,114.2961107,130.6946168,135.3233088,136.0150378,141.1479229,127.5665101,129.2978485,132.2186428,130.3473823,130.2350029,124.0639088
Mobile cellular subscriptions (per 100 people),IT.CEL.SETS.P2,Seychelles,SYC,57.3029915,62.14736409,66.26476156,78.45280451,85.59719099,103.0765499,121.5677659,128.6439473,137.8509049,147.8896895,147.458632,162.2836554,158.140428,161.1591035,176.5751502
Mobile cellular subscriptions (per 100 people),IT.CEL.SETS.P2,Sierra Leone,SLE,2.177381154,..,..,..,12.9001863,16.36235413,18.38276077,30.96588798,32.3215298,32.66281935,57.78610732,67.19439391,78.16747904,84.89871136,..
Mobile cellular subscriptions (per 100 people),IT.CEL.SETS.P2,Singapore,SGP,84.17866964,91.31953026,97.62990415,103.8313702,125.1783402,132.233681,138.652201,145.5308093,150.5848995,153.0575656,157.4026593,148.7388273,148.7391202,150.4805285,148.2401691
Mobile cellular subscriptions (per 100 people),IT.CEL.SETS.P2,Sint Maarten (Dutch part),SXM,..,..,..,..,..,..,..,..,..,195.941138,..,..,..,..,..
Mobile cellular subscriptions (per 100 people),IT.CEL.SETS.P2,Slovakia,SVK,68.12688268,79.17822269,84.09714977,90.63989696,112.406383,102.2446792,101.7960572,109.6352641,110.5957156,112.5048412,114.4380319,117.3988895,122.7277574,128.3912951,130.6570231
Mobile cellular subscriptions (per 100 people),IT.CEL.SETS.P2,Slovenia,SVN,87.43974881,92.82962494,88.12546931,90.80647632,95.77226962,101.4996508,103.1939783,103.7543126,105.6058236,108.7735817,110.5247568,112.3399385,113.4538083,114.8178753,117.4615476
Mobile cellular subscriptions (per 100 people),IT.CEL.SETS.P2,Solomon Islands,SLB,0.237259076,0.654558784,1.27690818,1.454025782,2.211222461,5.946752776,9.688439173,21.88370375,50.93863391,54.78332134,57.33763019,65.45497512,72.29361921,69.49596192,76.11619009
Mobile cellular subscriptions (per 100 people),IT.CEL.SETS.P2,Somalia,SOM,2.033264822,4.942553687,4.803108572,5.131402626,5.435473859,5.51486304,5.474893641,5.377814714,14.51059979,18.01974588,39.46742506,40.70117016,41.96107183,46.46627922,..
Mobile cellular subscriptions (per 100 people),IT.CEL.SETS.P2,South Africa,ZAF,35.38394635,43.19196922,69.56073407,80.34505387,84.79132144,89.26423242,91.10310923,97.64917918,122.4563613,129.0496342,142.9589002,145.3636865,159.1563435,147.1252059,161.9937978
Mobile cellular subscriptions (per 100 people),IT.CEL.SETS.P2,South Sudan,SSD,..,..,..,..,..,..,..,14.89988469,17.22676461,21.26035449,25.52655381,24.94236609,24.3979702,22.07554251,12.01942888
Mobile cellular subscriptions (per 100 people),IT.CEL.SETS.P2,Spain,ESP,87.26111814,89.09134015,96.93815529,102.1677305,106.6718542,107.8819694,109.8472629,109.8331304,112.1114334,108.1261331,107.4118145,109.2094921,110.0653904,111.163326,113.2249462
Mobile cellular subscriptions (per 100 people),IT.CEL.SETS.P2,Sri Lanka (Ceylon),LKA,7.251526088,11.41387876,17.21818747,27.51629105,40.2986928,55.56275617,81.22215267,85.94419555,90.17687261,94.65490925,98.9668213,107.2704989,115.3789507,124.0339877,135.0730235
Mobile cellular subscriptions (per 100 people),IT.CEL.SETS.P2,St. Kitts and Nevis,KNA,46.50572866,60.45319047,104.9145255,103.6374721,129.5623004,148.017166,148.3708682,155.5058801,148.0598392,144.5114183,144.8212304,120.9549861,134.4846006,139.6964667,138.906857
Mobile cellular subscriptions (per 100 people),IT.CEL.SETS.P2,St. Lucia,LCA,61.50099706,62.24923113,64.53693636,63.84252178,87.87241165,103.4422645,110.9436213,114.8522424,124.5627963,123.5450568,120.7235569,106.7622335,105.9450583,99.23208718,98.79783498
Mobile cellular subscriptions (per 100 people),IT.CEL.SETS.P2,St. Martin (French part),MAF,..,..,..,..,..,..,..,..,..,..,..,..,..,..,..
Mobile cellular subscriptions (per 100 people),IT.CEL.SETS.P2,St. Vincent and the Grenadines,VCT,58.06275958,66.32338176,64.94151401,80.46682031,101.3241997,119.1755599,110.8564525,120.5607648,120.5485591,116.1568857,114.6889865,105.1757089,103.577726,102.7416251,105.6998826
Mobile cellular subscriptions (per 100 people),IT.CEL.SETS.P2,Sudan,SDN,1.791119728,3.473617422,5.913383429,14.81670996,25.45678117,36.38685638,45.58577362,52.61807267,71.24850365,76.85036801,75.05545874,73.65699052,72.29002642,70.25800006,70.6681119
Mobile cellular subscriptions (per 100 people),IT.CEL.SETS.P2,Suriname,SUR,34.5097188,43.11306039,46.65534948,63.45341231,74.55292767,127.556741,146.7314869,99.0615906,100.3636268,105.9566878,160.0987946,169.3288169,135.6556666,144.5070276,141.2616569
Mobile cellular subscriptions (per 100 people),IT.CEL.SETS.P2,Sweden,SWE,98.31957425,97.71274322,100.7233071,105.6147887,110.4068942,108.4131131,112.0956103,117.0629429,121.0055217,124.1857719,124.9512155,127.072507,129.4488949,127.5033893,125.4775924
Mobile cellular subscriptions (per 100 people),IT.CEL.SETS.P2,Switzerland,CHE,84.87507976,85.4029135,92.22603163,99.39516725,108.57798,116.3559314,120.4909656,123.1383135,127.1387232,131.49289,135.8549107,135.486059,135.1384876,133.8068226,133.2231399
Mobile cellular subscriptions (per 100 people),IT.CEL.SETS.P2,Syria,SYR,6.804374966,13.17486209,16.12496707,24.71586405,31.75644887,34.71588787,48.12442974,55.64533218,61.91048856,63.56295017,62.04786972,73.11192626,76.39327959,72.43370524,85.66017007
Mobile cellular subscriptions (per 100 people),IT.CEL.SETS.P2,Tajikistan,TJK,0.724006242,2.01107102,3.866256133,30.71184193,29.81900443,50.25522153,65.57097128,77.74312549,80.91147985,81.65039871,92.16527312,95.65160722,99.30221739,107.6136546,..
Mobile cellular subscriptions (per 100 people),IT.CEL.SETS.P2,Tanzania/Tanganyika,TZA,3.494030753,5.077126307,7.520829768,13.80338914,19.68337014,30.05950939,39.11292237,45.51951056,53.95410623,55.4556255,54.19563262,60.99882437,73.61847004,72.05794494,69.71531452
Mobile cellular subscriptions (per 100 people),IT.CEL.SETS.P2,Thailand,THA,33.48606006,41.4840346,46.5571558,60.95857138,80.02643982,92.92427346,98.61015543,106.7215773,114.6880659,125.3051505,137.7234793,141.9184173,149.9353313,173.7770745,176.0347306
Mobile cellular subscriptions (per 100 people),IT.CEL.SETS.P2,Timor-Leste,TLS,2.087522324,2.580721543,3.221871943,4.682339949,7.344317649,11.59454972,32.13225753,42.63012227,54.27649283,53.68442892,54.88168353,113.434459,110.9342881,117.6131558,119.309641
Mobile cellular subscriptions (per 100 people),IT.CEL.SETS.P2,Togo,TGO,4.51854722,6.008837498,7.630029061,12.127873,19.84730011,25.14757061,34.55246307,40.01694923,40.35366376,48.28701351,60.52853152,62.47291606,65.46225718,72.37908628,79.76692853
Mobile cellular subscriptions (per 100 people),IT.CEL.SETS.P2,Tonga,TON,11.22368197,16.33368524,29.5642363,29.55186893,45.4536573,48.99956313,51.15632601,52.14285028,52.59282634,53.35823384,54.59137172,64.28314836,69.09574668,74.68120461,..
Mobile cellular subscriptions (per 100 people),IT.CEL.SETS.P2,Trinidad And Tobago,TTO,26.19457779,50.45884071,71.25266205,116.5489002,115.3170493,137.3086853,139.7033787,142.6278142,136.815734,140.4069655,144.1777032,146.2219443,156.1198801,158.6745272,148.3164065
Mobile cellular subscriptions (per 100 people),IT.CEL.SETS.P2,Tunisia,TUN,19.29167122,37.29131356,56.23099353,71.9787084,76.15607637,82.65481195,93.11139104,104.4575007,115.1112204,117.9781454,115.4142091,128.1743622,129.4688123,125.2457019,124.2969315
Mobile cellular subscriptions (per 100 people),IT.CEL.SETS.P2,Turkey/Ottoman Empire,TUR,42.19898032,51.79623941,64.22205832,76.58535816,89.04917852,93.44701888,88.00150156,85.40338801,88.98274071,90.76125481,91.91655814,93.3244579,94.08186548,94.40247616,96.35290201
Mobile cellular subscriptions (per 100 people),IT.CEL.SETS.P2,Turkmenistan,TKM,0.197326269,1.065187339,2.208368623,4.508591808,7.83694586,22.99847521,42.59008177,62.85614315,102.4340455,112.0003857,114.1443127,131.8291674,140.909251,151.4337019,..
Mobile cellular subscriptions (per 100 people),IT.CEL.SETS.P2,Turks and Caicos Islands,TCA,82.70397266,100.2277449,..,..,..,..,..,..,..,..,..,..,..,..,..
Mobile cellular subscriptions (per 100 people),IT.CEL.SETS.P2,Tuvalu,TUV,0,5.053567819,12.96499451,15.78376245,17.57297667,..,9.577626664,15.19323901,20.04140008,26.10722611,31.42619466,34.83681702,59.99454595,68.48697846,..
Mobile cellular subscriptions (per 100 people),IT.CEL.SETS.P2,Uganda,UGA,2.915208441,4.225974226,4.607983341,6.797878166,13.71432236,27.01772391,28.63348,37.82460178,47.57838797,45.05048311,48.11412854,52.44447696,50.36826125,55.04846044,58.20615087
Mobile cellular subscriptions (per 100 people),IT.CEL.SETS.P2,Ukraine,UKR,13.65772731,29.0897363,64.00536482,105.2767922,119.0876067,120.558086,119.4564211,117.7678197,121.9416066,130.8590206,138.4411243,144.2788474,143.9836554,135.1956556,133.4908372
Mobile cellular subscriptions (per 100 people),IT.CEL.SETS.P2,United Arab Emirates,ARE,79.43305758,90.09733775,99.00822393,105.2891894,127.9189658,135.731907,139.2033777,132.1053857,135.2255383,154.7702347,178.359737,185.4180422,196.0013991,214.7349102,210.9140231
Mobile cellular subscriptions (per 100 people),IT.CEL.SETS.P2,United Kingdom,GBR,91.06414709,99.67234557,108.6004149,115.254437,120.2257083,120.7240644,121.9353861,121.2030538,120.9215205,121.9127668,121.7088908,120.6796218,121.1839932,119.9773474,119.6309487
Mobile cellular subscriptions (per 100 people),IT.CEL.SETS.P2,United States Of America,USA,55.38679309,63.17748926,69.02054837,77.09164231,82.93546295,86.13129085,89.61260458,92.37840689,95.61250193,97.28807458,98.46652501,111.8914032,119.4973905,122.8758723,122.0124685
Mobile cellular subscriptions (per 100 people),IT.CEL.SETS.P2,Uruguay,URY,14.96044216,18.04304087,34.72813425,69.94839154,89.95676611,104.6851759,122.267605,131.4941405,140.5184096,147.0646734,154.5756828,160.7550827,150.5287986,148.5693114,147.4671006
Mobile cellular subscriptions (per 100 people),IT.CEL.SETS.P2,Uzbekistan,UZB,1.24199309,2.079867048,2.71573251,9.409967467,20.85365601,44.65057057,58.31197146,73.24262276,87.52440122,68.63076477,71.61955532,70.94908533,70.32310573,73.98333916,76.04190715
Mobile cellular subscriptions (per 100 people),IT.CEL.SETS.P2,Vanuatu,VUT,3.920307191,5.145412774,6.06199551,6.988641129,11.82070715,15.9758587,57.05830102,71.91646036,56.62357207,59.0274158,50.26585869,60.28626618,66.068034,80.84370678,82.54152126
Mobile cellular subscriptions (per 100 people),IT.CEL.SETS.P2,Venezuela,VEN,27.11836698,31.98582456,46.65339713,68.97958851,86.01821142,97.41549383,98.37776696,96.04554329,97.68765818,102.2613695,101.9072297,99.3156568,93.3827375,87.43264222,76.59767086
Mobile cellular subscriptions (per 100 people),IT.CEL.SETS.P2,"Vietnam, Democratic Republic Of",VNM,3.31368879,5.938151423,11.37864032,22.2017334,52.42084402,86.35014282,112.1721275,126.1071925,142.3555707,145.5732292,135.2334793,147.1157265,128.5903997,127.5260848,125.6177267
Mobile cellular subscriptions (per 100 people),IT.CEL.SETS.P2,Virgin Islands (U.S.),VIR,45.49985233,59.39714672,74.49463323,..,..,..,..,..,..,..,..,..,..,..,..
Mobile cellular subscriptions (per 100 people),IT.CEL.SETS.P2,West Bank and Gaza,PSE,7.675281236,12.46069895,15.87128129,22.45746049,27.2259457,34.11994362,45.47769774,64.01995265,69.03685801,72.98554585,72.26478511,70.47058629,75.72566678,77.50821643,84.03972667
Mobile cellular subscriptions (per 100 people),IT.CEL.SETS.P2,Yemen,YEM,3.469114256,7.373707278,11.06528241,14.0723339,19.99392688,28.82844552,36.18291922,46.95685083,48.1110873,55.80095262,65.86052522,65.15197346,55.8100664,59.57413032,..
Mobile cellular subscriptions (per 100 people),IT.CEL.SETS.P2,Zambia,ZMB,2.109966185,3.958097968,7.878748002,13.43186703,20.73732038,27.05139233,32.74781095,39.32836117,57.23584056,71.59674222,68.60461249,64.75183302,71.78449457,72.42933835,78.6149339
Mobile cellular subscriptions (per 100 people),IT.CEL.SETS.P2,Zimbabwe (Rhodesia),ZWE,2.878375532,3.331986957,5.00083771,6.470045146,9.194766446,12.20433516,28.89809486,54.66297543,63.94817862,85.74593296,90.55871378,76.55658454,80.85849863,79.74388438,85.25218295
Mobile cellular subscriptions (per 100 people),IT.CEL.SETS.P2,Arab World,ARB,11.60188574,16.84806472,26.80853861,38.8730559,52.57073469,62.94455818,76.1395434,87.5220718,96.38783596,102.1648231,106.7436754,106.3398829,104.6794769,102.1803636,107.5980222
Mobile cellular subscriptions (per 100 people),IT.CEL.SETS.P2,Caribbean small states,CSS,42.5456158,54.7246557,64.50541058,82.17706959,93.96233168,103.089112,110.1905114,113.6284925,107.1858076,103.504488,108.7023844,111.0311519,113.2374307,117.1412435,114.8730797
Mobile cellular subscriptions (per 100 people),IT.CEL.SETS.P2,Central Europe and the Baltics,CEB,54.02022158,67.6941703,82.10532504,97.00144962,111.2351316,119.2575529,119.9992572,122.1921056,125.3243201,129.9499356,132.3724859,131.4642964,128.4656546,127.3229575,124.2800739
Mobile cellular subscriptions (per 100 people),IT.CEL.SETS.P2,Early-demographic dividend,EAR,8.305387564,11.6600264,17.2423088,25.28862186,34.71339672,45.1797822,55.64189063,68.06944603,77.45400156,79.62194863,83.29147185,86.2714578,89.16360035,95.1447661,99.36073813
Mobile cellular subscriptions (per 100 people),IT.CEL.SETS.P2,East Asia & Pacific,EAS,24.66296095,29.51927556,33.97190452,39.37400762,47.92968646,56.99488958,64.84927651,73.65701796,83.21152069,91.59026555,98.24787166,103.3704471,104.0809224,110.2647082,118.7640569
Mobile cellular subscriptions (per 100 people),IT.CEL.SETS.P2,East Asia & Pacific (excluding high income),EAP,18.46111988,23.52136244,28.09251184,33.73454042,42.50857516,52.32867236,60.61406849,69.90560354,79.88377957,88.71359947,95.75003116,100.8764529,101.4848027,107.9415012,117.1509819
Mobile cellular subscriptions (per 100 people),IT.CEL.SETS.P2,East Asia & Pacific (IDA & IBRD countries),TEA,18.69530904,23.81970632,28.44794708,34.16088661,43.04484041,52.9873414,61.37158278,70.75909547,80.83129572,89.73393349,96.82004708,101.9895832,102.5824749,109.0998674,117.1509819
Mobile cellular subscriptions (per 100 people),IT.CEL.SETS.P2,Euro area,EMU,82.41960499,89.13643314,98.18872383,106.2674747,116.3221463,121.735396,120.9817308,117.1036519,120.1722313,121.6566577,122.7704036,121.1717961,120.5720731,122.6673303,123.4776828
Mobile cellular subscriptions (per 100 people),IT.CEL.SETS.P2,Europe & Central Asia,ECS,55.12482731,66.19337674,81.0947505,94.63698238,106.388825,115.1395809,119.5358802,120.3655869,120.5095599,122.687767,125.2228837,125.1342342,124.9553065,125.2152991,124.9907848
Mobile cellular subscriptions (per 100 people),IT.CEL.SETS.P2,Europe & Central Asia (excluding high income),ECA,23.27029886,39.30161539,60.80134035,80.17391812,94.78227602,108.4423746,118.4447324,122.9257484,119.5442616,121.7962752,125.8241962,127.0399844,127.9612913,127.4582689,127.1717767
Mobile cellular subscriptions (per 100 people),IT.CEL.SETS.P2,Europe & Central Asia (IDA & IBRD countries),TEC,25.60720942,41.38810176,62.36212996,81.74771906,96.13936204,108.942169,118.2060045,122.8017609,120.5168052,123.4042755,127.6378532,128.6763612,128.9790164,128.1959977,127.2343563
Mobile cellular subscriptions (per 100 people),IT.CEL.SETS.P2,European Union,EUU,78.06522763,86.17591071,96.0909268,105.3635831,115.5485653,120.9551937,120.8805223,118.5683231,121.3597444,123.3364507,124.5689017,123.2873519,122.2576824,123.0990823,122.8831643
Mobile cellular subscriptions (per 100 people),IT.CEL.SETS.P2,Fragile and conflict affected situations,FCS,2.539721812,4.260260538,6.723566419,12.82344357,19.12442665,26.14982474,32.60707233,38.39039681,44.42438895,50.01857921,57.44794901,66.4329184,69.96866539,67.73780054,69.74227689
Mobile cellular subscriptions (per 100 people),IT.CEL.SETS.P2,Heavily indebted poor countries (HIPC),HPC,2.777700574,4.282007516,6.394117455,10.78424485,16.73156071,24.80000787,30.87935818,36.88425971,44.65835881,50.54206664,56.58075679,61.91783524,66.80036405,65.37897412,68.12217405
Mobile cellular subscriptions (per 100 people),IT.CEL.SETS.P2,High income,HIC,67.84780457,74.84063942,82.60253853,90.81175914,99.63213568,104.521407,108.0398513,110.2964527,114.3201908,116.9503133,118.9347551,122.5079316,124.2212481,125.9699508,125.192163
Mobile cellular subscriptions (per 100 people),IT.CEL.SETS.P2,IBRD only,IBD,15.81797956,21.64727758,29.1397011,37.63830566,47.05450907,57.425359,67.72061864,78.8557151,87.61412569,91.88281726,96.74768283,99.56470584,100.2029393,104.7919278,109.0181515
Mobile cellular subscriptions (per 100 people),IT.CEL.SETS.P2,IDA & IBRD total,IBT,12.85430504,17.793766,24.31045077,32.36270974,41.30693998,51.42406268,60.62667087,70.59556831,78.94223409,83.56116174,88.63856035,92.09580291,93.32265734,96.9346691,101.026607
Mobile cellular subscriptions (per 100 people),IT.CEL.SETS.P2,IDA blend,IDB,2.675775345,5.364134528,10.44913424,20.37964998,31.03834814,45.08889856,51.12968668,57.51368518,62.74804148,68.43146799,72.66623488,75.57518709,75.58902377,77.43040172,77.27779138
Mobile cellular subscriptions (per 100 people),IT.CEL.SETS.P2,IDA only,IDX,2.087319653,3.50824394,5.92200383,10.78098978,17.22757475,24.47651607,30.21749933,37.08051435,45.4243026,51.69688169,58.67539447,65.8531936,70.80643736,71.31968342,74.41135412
Mobile cellular subscriptions (per 100 people),IT.CEL.SETS.P2,IDA total,IDA,2.283776549,4.129863649,7.434779539,14.01258074,21.81705767,31.32702879,37.16901744,43.82485209,51.15299726,57.23351332,63.30743338,69.07397107,72.39141822,73.34535952,75.42949295
Mobile cellular subscriptions (per 100 people),IT.CEL.SETS.P2,Late-demographic dividend,LTE,22.14871176,29.6580074,37.78444507,45.5528415,55.0657871,65.20207562,74.3635885,82.96623314,90.64826162,98.32374805,105.1892607,109.0011702,107.4345936,110.3471183,115.619558
Mobile cellular subscriptions (per 100 people),IT.CEL.SETS.P2,Latin America & Caribbean,LCN,23.12468549,31.59654782,42.9637278,54.02517099,66.57090139,79.17719449,87.29840872,96.1477122,104.6387407,109.0966134,114.5969187,114.0941373,110.0094962,108.3498799,107.40259
Mobile cellular subscriptions (per 100 people),IT.CEL.SETS.P2,Latin America & Caribbean (excluding high income),LAC,22.41380019,30.25160599,40.89941783,50.81859922,62.75997621,75.49983383,82.79981425,91.2495781,99.85774378,104.1857944,110.066772,110.6000176,106.3453862,104.3793255,103.7167367
Mobile cellular subscriptions (per 100 people),IT.CEL.SETS.P2,Latin America & the Caribbean (IDA & IBRD countries),TLA,23.40929239,32.06143836,43.69980243,55.02223989,67.83277062,80.72970954,88.94856894,97.90654596,106.55655,111.0549215,116.640544,115.9968761,111.6533308,109.824424,108.7262482
Mobile cellular subscriptions (per 100 people),IT.CEL.SETS.P2,Least developed countries: UN classification,LDC,1.683531195,2.82663267,4.980217784,9.116054302,15.04249543,21.58949419,26.40482246,32.98728682,41.58044858,47.82023851,54.90852952,61.99227482,66.43826828,66.45548147,69.05779828
Mobile cellular subscriptions (per 100 people),IT.CEL.SETS.P2,Low & middle income,LMY,12.32179938,17.05963477,23.33382272,31.10351529,39.8737954,49.95224135,59.10321291,69.04832655,77.37069196,81.94475505,87.03143528,90.6597668,92.00811907,95.70491519,100.2853916
Mobile cellular subscriptions (per 100 people),IT.CEL.SETS.P2,Low income,LIC,1.97870717,3.22236838,4.680049123,8.148496702,12.68452112,18.97394012,24.23810276,30.53364184,37.29067512,42.9190239,49.77417034,55.10984731,59.62953545,58.47413604,62.08167273
Mobile cellular subscriptions (per 100 people),IT.CEL.SETS.P2,Lower middle income,LMC,5.017823852,7.984958213,12.88560645,20.95728008,30.25607091,41.96883891,53.13374254,66.68702177,76.84352237,79.35551689,82.2679013,86.60864036,88.64097344,94.67685809,98.11681194
Mobile cellular subscriptions (per 100 people),IT.CEL.SETS.P2,Middle East & North Africa,MEA,13.23483581,18.32202111,28.19155967,40.35549245,55.83367513,67.63345073,81.26196414,91.18196352,97.65655407,102.585985,107.9605824,108.4430749,108.3430982,107.3495996,112.0527315
Mobile cellular subscriptions (per 100 people),IT.CEL.SETS.P2,Middle East & North Africa (excluding high income),MNA,8.247884215,12.78392918,21.95803717,33.60842824,47.65286748,58.4684428,70.9834397,80.33285727,87.15863115,92.88553789,98.35791183,98.94384502,99.01803352,99.15718562,106.6582111
Mobile cellular subscriptions (per 100 people),IT.CEL.SETS.P2,Middle East & North Africa (IDA & IBRD countries),TMN,8.254609415,12.78772936,22.02981126,33.74062458,47.8967649,58.76162149,71.29330905,80.5328202,87.38274996,93.13388881,98.68658864,99.30595633,99.31721115,99.43812537,107.0008737
Mobile cellular subscriptions (per 100 people),IT.CEL.SETS.P2,Middle income,MIC,13.41160064,18.52129773,25.3346188,33.55782765,42.91499158,53.47145501,63.12444184,73.63144442,82.2110225,86.72389465,91.65735562,95.13762055,96.14488273,100.5315419,104.3274396
Mobile cellular subscriptions (per 100 people),IT.CEL.SETS.P2,North America,NAC,54.07429994,61.58855521,67.41405882,75.15301528,80.80987797,84.15531806,87.71790219,90.71308597,93.823318,95.50664997,96.66453551,108.7616973,115.7804653,119.0125206,118.3470861
Mobile cellular subscriptions (per 100 people),IT.CEL.SETS.P2,Not classified,INX,..,..,..,..,..,..,..,..,..,..,..,..,..,..,..
Mobile cellular subscriptions (per 100 people),IT.CEL.SETS.P2,OECD members,OED,64.4706448,71.68065624,79.12088956,86.602709,94.52229583,98.5868032,100.3937448,101.7145752,105.1833774,107.7735448,109.5768813,113.2332139,115.278219,117.3817768,117.7972871
Mobile cellular subscriptions (per 100 people),IT.CEL.SETS.P2,Other small states,OSS,23.92515484,31.17496486,37.99330851,46.13761918,57.66557573,69.32937434,77.85202585,86.72358649,95.50759066,102.0679122,108.9257163,115.6181526,118.1673947,120.2896503,121.9469251
Mobile cellular subscriptions (per 100 people),IT.CEL.SETS.P2,Pacific island small states,PSS,7.503770253,10.13090889,14.56056117,20.20651727,35.85831279,39.83761454,47.77886266,54.96118512,62.88942916,69.37454537,72.02904986,74.62362045,79.66264304,86.64604922,86.85214502
Mobile cellular subscriptions (per 100 people),IT.CEL.SETS.P2,Post-demographic dividend,PST,66.74543103,73.89994115,82.14619129,90.65346568,98.50392978,102.3714428,104.3674279,105.105883,108.7011523,111.2152108,113.0627042,117.7121241,120.1442025,122.3248746,122.8484857
Mobile cellular subscriptions (per 100 people),IT.CEL.SETS.P2,Pre-demographic dividend,PRE,2.689391362,4.905620202,8.306971456,15.18653824,21.74305904,31.78431558,37.81798645,44.18657742,50.90028793,56.41536186,62.40518504,67.37023262,70.80979049,68.23124456,68.19093969
Mobile cellular subscriptions (per 100 people),IT.CEL.SETS.P2,Small states,SST,26.96676016,34.88373892,42.13028781,52.11003658,63.85175361,74.61295832,82.70891098,90.11739823,95.97747867,100.3620148,106.6669596,112.3527197,114.8974986,117.7243853,118.3124739
Mobile cellular subscriptions (per 100 people),IT.CEL.SETS.P2,South Asia,SAS,2.67982857,4.239639641,7.730692795,14.90820124,22.24666673,31.77437345,43.78970943,58.6801037,68.54596003,67.66342547,70.04542126,73.85017149,76.31372301,83.87994909,86.608047
Mobile cellular subscriptions (per 100 people),IT.CEL.SETS.P2,South Asia (IDA & IBRD),TSA,2.67982857,4.239639641,7.730692795,14.90820124,22.24666673,31.77437345,43.78970943,58.6801037,68.54596003,67.66342547,70.04542126,73.85017149,76.31372301,83.87994909,86.608047
Mobile cellular subscriptions (per 100 people),IT.CEL.SETS.P2,Sub-Saharan Africa,SSF,4.966010078,7.400480865,12.01206781,17.72776564,23.10866567,31.77967943,37.51817703,44.20478994,52.29812941,58.72957073,64.87419208,69.55763898,74.76281515,72.79130102,74.67754442
Mobile cellular subscriptions (per 100 people),IT.CEL.SETS.P2,Sub-Saharan Africa (excluding high income),SSA,4.959752673,7.393942089,12.00566732,17.72062756,23.10161122,31.77180997,37.50911349,44.19599467,52.2894182,58.72069415,64.86615028,69.54880573,74.75504388,72.78324122,74.66762672
Mobile cellular subscriptions (per 100 people),IT.CEL.SETS.P2,Sub-Saharan Africa (IDA & IBRD countries),TSS,4.966010078,7.400480865,12.01206781,17.72776564,23.10866567,31.77967943,37.51817703,44.20478994,52.29812941,58.72957073,64.87419208,69.55763898,74.76281515,72.79130102,74.67754442
Mobile cellular subscriptions (per 100 people),IT.CEL.SETS.P2,Upper middle income,UMC,22.06638557,29.43623951,38.36275158,46.85686772,56.38600683,65.81094213,73.92474573,81.1938716,88.09475985,94.85620781,102.0906583,104.6704277,104.5905929,107.1681353,111.4777075
Mobile cellular subscriptions (per 100 people),IT.CEL.SETS.P2,World,WLD,22.24339175,27.32072196,33.80354603,41.61551868,50.32218733,59.4507334,67.58172422,76.14722162,83.69433193,87.8993468,92.42298677,96.00892059,97.38388396,100.7225691,104.4902858
,,,,,,,,,,,,,,,,,,
,,,,,,,,,,,,,,,,,,
,,,,,,,,,,,,,,,,,,
Data from database: World Development Indicators,,,,,,,,,,,,,,,,,,
Last Updated: 11/14/2018,,,,,,,,,,,,,,,,,,
